-- Generated by fixtures/v4/generator (seed=1 scale=1). Do not edit;
-- run `make fixtures-v4` to regenerate.
INSERT INTO wl_currencies (id, code, name, minor_unit_scale) VALUES
(1, 'USD', 'US Dollar', 2),
(2, 'CNY', 'Chinese Yuan', 2),
(3, 'KRW', 'Korean Won', 0);
INSERT INTO wl_countries (id, code, name, region) VALUES
(1, 'US', 'United States', 'amer'),
(2, 'CN', 'China', 'apac'),
(3, 'KR', 'South Korea', 'apac'),
(4, 'DE', 'Germany', 'emea'),
(5, 'JP', 'Japan', 'apac');
INSERT INTO wl_organizations (id, name, country_code, created_at) VALUES
(1, 'Nova Commerce', 'US', '2025-01-01'),
(2, 'Lumen Media', 'CN', '2025-01-04'),
(3, 'Astra Games', 'KR', '2025-01-07');
INSERT INTO wl_applications (id, organization_id, name, currency_code, status) VALUES
(1, 1, 'novashop', 'USD', 'live'),
(2, 1, 'novamarket', 'USD', 'live'),
(3, 2, 'lumenlive', 'CNY', 'live'),
(4, 3, 'astraplay', 'KRW', 'live'),
(5, 2, 'lumenpay', 'CNY', 'paused');
INSERT INTO wl_users (id, email, display_name, created_at) VALUES
(1, 'u3ef901093c48@example.com', 'Operator 1', '2025-01-02'),
(2, 'u41f901094161@example.com', 'Operator 2', '2025-01-03'),
(3, 'u40f901093fae@example.com', 'Operator 3', '2025-01-04'),
(4, 'u43f9010944c7@example.com', 'Operator 4', '2025-01-05'),
(5, 'u42f901094314@example.com', 'Operator 5', '2025-01-06'),
(6, 'u45f90109482d@example.com', 'Operator 6', '2025-01-07'),
(7, 'u44f90109467a@example.com', 'Operator 7', '2025-01-08'),
(8, 'u37f901093063@example.com', 'Operator 8', '2025-01-09'),
(9, 'u36f901092eb0@example.com', 'Operator 9', '2025-01-10'),
(10, 'u791cc2b1bfe8@example.com', 'Operator 10', '2025-01-11'),
(11, 'u7a1cc2b1c19b@example.com', 'Operator 11', '2025-01-12'),
(12, 'u7b1cc2b1c34e@example.com', 'Operator 12', '2025-01-13'),
(13, 'u7c1cc2b1c501@example.com', 'Operator 13', '2025-01-14'),
(14, 'u7d1cc2b1c6b4@example.com', 'Operator 14', '2025-01-15'),
(15, 'u7e1cc2b1c867@example.com', 'Operator 15', '2025-01-16'),
(16, 'u7f1cc2b1ca1a@example.com', 'Operator 16', '2025-01-17'),
(17, 'u801cc2b1cbcd@example.com', 'Operator 17', '2025-01-18'),
(18, 'u711cc2b1b250@example.com', 'Operator 18', '2025-01-19'),
(19, 'u721cc2b1b403@example.com', 'Operator 19', '2025-01-20'),
(20, 'u6b1cc2b9fca3@example.com', 'Operator 20', '2025-01-21'),
(21, 'u6a1cc2b9faf0@example.com', 'Operator 21', '2025-01-22'),
(22, 'u6d1cc2ba0009@example.com', 'Operator 22', '2025-01-23'),
(23, 'u6c1cc2b9fe56@example.com', 'Operator 23', '2025-01-24'),
(24, 'u6f1cc2ba036f@example.com', 'Operator 24', '2025-01-25'),
(25, 'u6e1cc2ba01bc@example.com', 'Operator 25', '2025-01-26'),
(26, 'u711cc2ba06d5@example.com', 'Operator 26', '2025-01-27'),
(27, 'u701cc2ba0522@example.com', 'Operator 27', '2025-01-28'),
(28, 'u731cc2ba0a3b@example.com', 'Operator 28', '2025-01-29'),
(29, 'u721cc2ba0888@example.com', 'Operator 29', '2025-01-30'),
(30, 'u051cc2b7197a@example.com', 'Operator 30', '2025-01-31');
INSERT INTO wl_customers (id, organization_id, email, country_code, created_at, deleted_at) VALUES
(1, 1, 'u7e3c657ce5fb@example.com', 'US', '2025-01-02', NULL),
(2, 2, 'u7f3c657ce7ae@example.com', 'CN', '2025-01-03', NULL),
(3, 3, 'u803c657ce961@example.com', 'KR', '2025-01-04', NULL),
(4, 1, 'u813c657ceb14@example.com', 'DE', '2025-01-05', NULL),
(5, 2, 'u823c657cecc7@example.com', 'JP', '2025-01-06', NULL),
(6, 3, 'u833c657cee7a@example.com', 'US', '2025-01-07', NULL),
(7, 1, 'u843c657cf02d@example.com', 'CN', '2025-01-08', NULL),
(8, 2, 'u753c657cd6b0@example.com', 'KR', '2025-01-09', NULL),
(9, 3, 'u763c657cd863@example.com', 'DE', '2025-01-10', NULL),
(10, 1, 'u4ba0733a77f1@example.com', 'JP', '2025-01-11', NULL),
(11, 2, 'u4aa0733a763e@example.com', 'US', '2025-01-12', NULL),
(12, 3, 'u49a0733a748b@example.com', 'CN', '2025-01-13', NULL),
(13, 1, 'u48a0733a72d8@example.com', 'KR', '2025-01-14', '2025-06-13 12:00:00'),
(14, 2, 'u4fa0733a7ebd@example.com', 'DE', '2025-01-15', NULL),
(15, 3, 'u4ea0733a7d0a@example.com', 'JP', '2025-01-16', NULL),
(16, 1, 'u4da0733a7b57@example.com', 'US', '2025-01-17', NULL),
(17, 2, 'u4ca0733a79a4@example.com', 'CN', '2025-01-18', NULL),
(18, 3, 'u43a0733a6a59@example.com', 'KR', '2025-01-19', NULL),
(19, 1, 'u42a0733a68a6@example.com', 'DE', '2025-01-20', NULL),
(20, 2, 'ud1a0733d917a@example.com', 'JP', '2025-01-21', NULL),
(21, 3, 'ud2a0733d932d@example.com', 'US', '2025-01-22', NULL),
(22, 1, 'ucfa0733d8e14@example.com', 'CN', '2025-01-23', NULL),
(23, 2, 'ud0a0733d8fc7@example.com', 'KR', '2025-01-24', NULL),
(24, 3, 'ucda0733d8aae@example.com', 'DE', '2025-01-25', NULL),
(25, 1, 'ucea0733d8c61@example.com', 'JP', '2025-01-26', NULL),
(26, 2, 'ucba0733d8748@example.com', 'US', '2025-01-27', '2025-06-26 12:00:00'),
(27, 3, 'ucca0733d88fb@example.com', 'CN', '2025-01-28', NULL),
(28, 1, 'uc9a0733d83e2@example.com', 'KR', '2025-01-29', NULL),
(29, 2, 'ucaa0733d8595@example.com', 'DE', '2025-01-30', NULL),
(30, 3, 'u37a0734074a3@example.com', 'JP', '2025-01-31', NULL),
(31, 1, 'u36a0734072f0@example.com', 'US', '2025-02-01', NULL),
(32, 2, 'u39a073407809@example.com', 'CN', '2025-02-02', NULL),
(33, 3, 'u38a073407656@example.com', 'KR', '2025-02-03', NULL),
(34, 1, 'u3ba073407b6f@example.com', 'DE', '2025-02-04', NULL),
(35, 2, 'u3aa0734079bc@example.com', 'JP', '2025-02-05', NULL),
(36, 3, 'u3da073407ed5@example.com', 'US', '2025-02-06', NULL),
(37, 1, 'u3ca073407d22@example.com', 'CN', '2025-02-07', NULL),
(38, 2, 'u3fa07340823b@example.com', 'KR', '2025-02-08', NULL),
(39, 3, 'u3ea073408088@example.com', 'DE', '2025-02-09', '2025-06-09 12:00:00'),
(40, 1, 'ubda073438e2c@example.com', 'JP', '2025-02-10', NULL);
INSERT INTO wl_products (id, application_id, name, product_type, status) VALUES
(1, 1, 'Product 1', 'one_time', 'active'),
(2, 2, 'Product 2', 'subscription', 'active'),
(3, 3, 'Product 3', 'gift_pack', 'active'),
(4, 4, 'Product 4', 'one_time', 'active'),
(5, 5, 'Product 5', 'subscription', 'active'),
(6, 1, 'Product 6', 'gift_pack', 'active'),
(7, 2, 'Product 7', 'one_time', 'active'),
(8, 3, 'Product 8', 'subscription', 'active'),
(9, 4, 'Product 9', 'gift_pack', 'active'),
(10, 5, 'Product 10', 'one_time', 'active'),
(11, 1, 'Product 11', 'subscription', 'archived'),
(12, 2, 'Product 12', 'gift_pack', 'active');
INSERT INTO wl_product_price_versions (id, product_id, price_minor, currency_code, valid_from, valid_to) VALUES
(1, 1, 500, 'USD', '2025-01-01', NULL),
(2, 2, 1000, 'USD', '2025-01-01', '2025-03-01'),
(3, 2, 1100, 'USD', '2025-03-01', NULL),
(4, 3, 1500, 'CNY', '2025-01-01', NULL),
(5, 4, 2000, 'KRW', '2025-01-01', '2025-03-01'),
(6, 4, 2100, 'KRW', '2025-03-01', NULL),
(7, 5, 2500, 'CNY', '2025-01-01', NULL),
(8, 6, 3000, 'USD', '2025-01-01', '2025-03-01'),
(9, 6, 3100, 'USD', '2025-03-01', NULL),
(10, 7, 3500, 'USD', '2025-01-01', NULL),
(11, 8, 4000, 'CNY', '2025-01-01', '2025-03-01'),
(12, 8, 4100, 'CNY', '2025-03-01', NULL),
(13, 9, 4500, 'KRW', '2025-01-01', NULL),
(14, 10, 5000, 'CNY', '2025-01-01', '2025-03-01'),
(15, 10, 5100, 'CNY', '2025-03-01', NULL),
(16, 11, 5500, 'USD', '2025-01-01', NULL),
(17, 12, 6000, 'USD', '2025-01-01', '2025-03-01'),
(18, 12, 6100, 'USD', '2025-03-01', NULL);
INSERT INTO wl_orders (id, application_id, customer_id, status, currency_code, total_minor, created_at, confirmed_at, cancelled_at, completed_at) VALUES
(1, 1, 1, 'confirmed', 'USD', 12500, '2025-01-01 01:07:00', '2025-01-01 02:07:00', NULL, NULL),
(2, 2, 2, 'completed', 'USD', 8000, '2025-01-02 02:14:00', '2025-01-02 03:14:00', NULL, '2025-01-04 02:14:00'),
(3, 3, 3, 'completed', 'CNY', 10000, '2025-01-04 03:21:00', '2025-01-04 04:21:00', NULL, '2025-01-06 03:21:00'),
(4, 4, 4, 'cancelled', 'KRW', 8500, '2025-01-05 04:28:00', NULL, '2025-01-05 06:28:00', NULL),
(5, 5, 5, 'confirmed', 'CNY', 14500, '2025-01-07 05:35:00', '2025-01-07 06:35:00', NULL, NULL),
(6, 1, 6, 'completed', 'USD', 3500, '2025-01-08 06:42:00', '2025-01-08 07:42:00', NULL, '2025-01-10 06:42:00'),
(7, 2, 7, 'completed', 'USD', 3500, '2025-01-10 07:49:00', '2025-01-10 08:49:00', NULL, '2025-01-12 07:49:00'),
(8, 3, 8, 'cancelled', 'CNY', 20000, '2025-01-11 08:56:00', NULL, '2025-01-11 10:56:00', NULL),
(9, 4, 9, 'confirmed', 'KRW', 4000, '2025-01-13 09:03:00', '2025-01-13 10:03:00', NULL, NULL),
(10, 5, 10, 'completed', 'CNY', 17500, '2025-01-14 10:10:00', '2025-01-14 11:10:00', NULL, '2025-01-16 10:10:00'),
(11, 1, 11, 'completed', 'USD', 17500, '2025-01-16 11:17:00', '2025-01-16 12:17:00', NULL, '2025-01-18 11:17:00'),
(12, 2, 12, 'cancelled', 'USD', 500, '2025-01-17 12:24:00', NULL, '2025-01-17 14:24:00', NULL),
(13, 3, 13, 'confirmed', 'CNY', 12500, '2025-01-19 13:31:00', '2025-01-19 14:31:00', NULL, NULL),
(14, 4, 14, 'completed', 'KRW', 8000, '2025-01-20 14:38:00', '2025-01-20 15:38:00', NULL, '2025-01-22 14:38:00'),
(15, 5, 15, 'completed', 'CNY', 10000, '2025-01-22 15:45:00', '2025-01-22 16:45:00', NULL, '2025-01-24 15:45:00'),
(16, 1, 16, 'cancelled', 'USD', 8500, '2025-01-23 16:52:00', NULL, '2025-01-23 18:52:00', NULL),
(17, 2, 17, 'confirmed', 'USD', 14500, '2025-01-25 17:59:00', '2025-01-25 18:59:00', NULL, NULL),
(18, 3, 18, 'completed', 'CNY', 3500, '2025-01-26 18:06:00', '2025-01-26 19:06:00', NULL, '2025-01-28 18:06:00'),
(19, 4, 19, 'completed', 'KRW', 3500, '2025-01-28 19:13:00', '2025-01-28 20:13:00', NULL, '2025-01-30 19:13:00'),
(20, 5, 20, 'cancelled', 'CNY', 20000, '2025-01-29 20:20:00', NULL, '2025-01-29 22:20:00', NULL),
(21, 1, 21, 'confirmed', 'USD', 4000, '2025-01-31 21:27:00', '2025-01-31 22:27:00', NULL, NULL),
(22, 2, 22, 'completed', 'USD', 17500, '2025-02-01 22:34:00', '2025-02-01 23:34:00', NULL, '2025-02-03 22:34:00'),
(23, 3, 23, 'completed', 'CNY', 17500, '2025-02-03 23:41:00', '2025-02-04 00:41:00', NULL, '2025-02-05 23:41:00'),
(24, 4, 24, 'cancelled', 'KRW', 500, '2025-02-04 00:48:00', NULL, '2025-02-04 02:48:00', NULL),
(25, 5, 25, 'confirmed', 'CNY', 12500, '2025-02-06 01:55:00', '2025-02-06 02:55:00', NULL, NULL),
(26, 1, 26, 'completed', 'USD', 8000, '2025-02-07 02:02:00', '2025-02-07 03:02:00', NULL, '2025-02-09 02:02:00'),
(27, 2, 27, 'completed', 'USD', 10000, '2025-02-09 03:09:00', '2025-02-09 04:09:00', NULL, '2025-02-11 03:09:00'),
(28, 3, 28, 'cancelled', 'CNY', 8500, '2025-02-10 04:16:00', NULL, '2025-02-10 06:16:00', NULL),
(29, 4, 29, 'confirmed', 'KRW', 14500, '2025-02-12 05:23:00', '2025-02-12 06:23:00', NULL, NULL),
(30, 5, 30, 'completed', 'CNY', 3500, '2025-02-13 06:30:00', '2025-02-13 07:30:00', NULL, '2025-02-15 06:30:00'),
(31, 1, 31, 'completed', 'USD', 3500, '2025-02-15 07:37:00', '2025-02-15 08:37:00', NULL, '2025-02-17 07:37:00'),
(32, 2, 32, 'cancelled', 'USD', 20000, '2025-02-16 08:44:00', NULL, '2025-02-16 10:44:00', NULL),
(33, 3, 33, 'confirmed', 'CNY', 4000, '2025-02-18 09:51:00', '2025-02-18 10:51:00', NULL, NULL),
(34, 4, 34, 'completed', 'KRW', 17500, '2025-02-19 10:58:00', '2025-02-19 11:58:00', NULL, '2025-02-21 10:58:00'),
(35, 5, 35, 'completed', 'CNY', 17500, '2025-02-21 11:05:00', '2025-02-21 12:05:00', NULL, '2025-02-23 11:05:00'),
(36, 1, 36, 'cancelled', 'USD', 500, '2025-02-22 12:12:00', NULL, '2025-02-22 14:12:00', NULL),
(37, 2, 37, 'confirmed', 'USD', 12500, '2025-02-24 13:19:00', '2025-02-24 14:19:00', NULL, NULL),
(38, 3, 38, 'completed', 'CNY', 8000, '2025-02-25 14:26:00', '2025-02-25 15:26:00', NULL, '2025-02-27 14:26:00'),
(39, 4, 39, 'completed', 'KRW', 10000, '2025-02-27 15:33:00', '2025-02-27 16:33:00', NULL, '2025-03-01 15:33:00'),
(40, 5, 40, 'cancelled', 'CNY', 8500, '2025-02-28 16:40:00', NULL, '2025-02-28 18:40:00', NULL),
(41, 1, 1, 'confirmed', 'USD', 14900, '2025-03-02 17:47:00', '2025-03-02 18:47:00', NULL, NULL),
(42, 2, 2, 'completed', 'USD', 3500, '2025-03-03 18:54:00', '2025-03-03 19:54:00', NULL, '2025-03-05 18:54:00'),
(43, 3, 3, 'completed', 'CNY', 3700, '2025-03-05 19:01:00', '2025-03-05 20:01:00', NULL, '2025-03-07 19:01:00'),
(44, 4, 4, 'cancelled', 'KRW', 20200, '2025-03-06 20:08:00', NULL, '2025-03-06 22:08:00', NULL),
(45, 5, 5, 'confirmed', 'CNY', 4200, '2025-03-08 21:15:00', '2025-03-08 22:15:00', NULL, NULL),
(46, 1, 6, 'completed', 'USD', 17700, '2025-03-09 22:22:00', '2025-03-09 23:22:00', NULL, '2025-03-11 22:22:00'),
(47, 2, 7, 'completed', 'USD', 17900, '2025-03-11 23:29:00', '2025-03-12 00:29:00', NULL, '2025-03-13 23:29:00'),
(48, 3, 8, 'cancelled', 'CNY', 500, '2025-03-12 00:36:00', NULL, '2025-03-12 02:36:00', NULL),
(49, 4, 9, 'confirmed', 'KRW', 12700, '2025-03-14 01:43:00', '2025-03-14 02:43:00', NULL, NULL),
(50, 5, 10, 'completed', 'CNY', 8200, '2025-03-15 02:50:00', '2025-03-15 03:50:00', NULL, '2025-03-17 02:50:00'),
(51, 1, 11, 'completed', 'USD', 10200, '2025-03-17 03:57:00', '2025-03-17 04:57:00', NULL, '2025-03-19 03:57:00'),
(52, 2, 12, 'cancelled', 'USD', 8700, '2025-03-18 04:04:00', NULL, '2025-03-18 06:04:00', NULL),
(53, 3, 13, 'confirmed', 'CNY', 14900, '2025-03-20 05:11:00', '2025-03-20 06:11:00', NULL, NULL),
(54, 4, 14, 'completed', 'KRW', 3500, '2025-03-21 06:18:00', '2025-03-21 07:18:00', NULL, '2025-03-23 06:18:00'),
(55, 5, 15, 'completed', 'CNY', 3700, '2025-03-23 07:25:00', '2025-03-23 08:25:00', NULL, '2025-03-25 07:25:00'),
(56, 1, 16, 'cancelled', 'USD', 20200, '2025-03-24 08:32:00', NULL, '2025-03-24 10:32:00', NULL),
(57, 2, 17, 'confirmed', 'USD', 4200, '2025-03-26 09:39:00', '2025-03-26 10:39:00', NULL, NULL),
(58, 3, 18, 'completed', 'CNY', 17700, '2025-03-27 10:46:00', '2025-03-27 11:46:00', NULL, '2025-03-29 10:46:00'),
(59, 4, 19, 'completed', 'KRW', 17900, '2025-03-29 11:53:00', '2025-03-29 12:53:00', NULL, '2025-03-31 11:53:00'),
(60, 5, 20, 'cancelled', 'CNY', 500, '2025-03-30 12:00:00', NULL, '2025-03-30 14:00:00', NULL),
(61, 1, 21, 'confirmed', 'USD', 12700, '2025-04-01 13:07:00', '2025-04-01 14:07:00', NULL, NULL),
(62, 2, 22, 'completed', 'USD', 8200, '2025-04-03 14:14:00', '2025-04-03 15:14:00', NULL, '2025-04-05 14:14:00'),
(63, 3, 23, 'completed', 'CNY', 10200, '2025-04-04 15:21:00', '2025-04-04 16:21:00', NULL, '2025-04-06 15:21:00'),
(64, 4, 24, 'cancelled', 'KRW', 8700, '2025-04-06 16:28:00', NULL, '2025-04-06 18:28:00', NULL),
(65, 5, 25, 'confirmed', 'CNY', 14900, '2025-04-07 17:35:00', '2025-04-07 18:35:00', NULL, NULL),
(66, 1, 26, 'completed', 'USD', 3500, '2025-04-09 18:42:00', '2025-04-09 19:42:00', NULL, '2025-04-11 18:42:00'),
(67, 2, 27, 'completed', 'USD', 3700, '2025-04-10 19:49:00', '2025-04-10 20:49:00', NULL, '2025-04-12 19:49:00'),
(68, 3, 28, 'cancelled', 'CNY', 20200, '2025-04-12 20:56:00', NULL, '2025-04-12 22:56:00', NULL),
(69, 4, 29, 'confirmed', 'KRW', 4200, '2025-04-13 21:03:00', '2025-04-13 22:03:00', NULL, NULL),
(70, 5, 30, 'completed', 'CNY', 17700, '2025-04-15 22:10:00', '2025-04-15 23:10:00', NULL, '2025-04-17 22:10:00'),
(71, 1, 31, 'completed', 'USD', 17900, '2025-04-16 23:17:00', '2025-04-17 00:17:00', NULL, '2025-04-18 23:17:00'),
(72, 2, 32, 'cancelled', 'USD', 500, '2025-04-18 00:24:00', NULL, '2025-04-18 02:24:00', NULL),
(73, 3, 33, 'confirmed', 'CNY', 12700, '2025-04-19 01:31:00', '2025-04-19 02:31:00', NULL, NULL),
(74, 4, 34, 'completed', 'KRW', 8200, '2025-04-21 02:38:00', '2025-04-21 03:38:00', NULL, '2025-04-23 02:38:00'),
(75, 5, 35, 'completed', 'CNY', 10200, '2025-04-22 03:45:00', '2025-04-22 04:45:00', NULL, '2025-04-24 03:45:00'),
(76, 1, 36, 'cancelled', 'USD', 8700, '2025-04-24 04:52:00', NULL, '2025-04-24 06:52:00', NULL),
(77, 2, 37, 'confirmed', 'USD', 14900, '2025-04-25 05:59:00', '2025-04-25 06:59:00', NULL, NULL),
(78, 3, 38, 'completed', 'CNY', 3500, '2025-04-27 06:06:00', '2025-04-27 07:06:00', NULL, '2025-04-29 06:06:00'),
(79, 4, 39, 'completed', 'KRW', 3700, '2025-04-28 07:13:00', '2025-04-28 08:13:00', NULL, '2025-04-30 07:13:00'),
(80, 5, 40, 'cancelled', 'CNY', 20200, '2025-04-30 08:20:00', NULL, '2025-04-30 10:20:00', NULL),
(81, 1, 1, 'confirmed', 'USD', 4200, '2025-05-01 09:27:00', '2025-05-01 10:27:00', NULL, NULL),
(82, 2, 2, 'completed', 'USD', 17700, '2025-05-03 10:34:00', '2025-05-03 11:34:00', NULL, '2025-05-05 10:34:00'),
(83, 3, 3, 'completed', 'CNY', 17900, '2025-05-04 11:41:00', '2025-05-04 12:41:00', NULL, '2025-05-06 11:41:00'),
(84, 4, 4, 'cancelled', 'KRW', 500, '2025-05-06 12:48:00', NULL, '2025-05-06 14:48:00', NULL),
(85, 5, 5, 'confirmed', 'CNY', 12700, '2025-05-07 13:55:00', '2025-05-07 14:55:00', NULL, NULL),
(86, 1, 6, 'completed', 'USD', 8200, '2025-05-09 14:02:00', '2025-05-09 15:02:00', NULL, '2025-05-11 14:02:00'),
(87, 2, 7, 'completed', 'USD', 10200, '2025-05-10 15:09:00', '2025-05-10 16:09:00', NULL, '2025-05-12 15:09:00'),
(88, 3, 8, 'cancelled', 'CNY', 8700, '2025-05-12 16:16:00', NULL, '2025-05-12 18:16:00', NULL),
(89, 4, 9, 'confirmed', 'KRW', 14900, '2025-05-13 17:23:00', '2025-05-13 18:23:00', NULL, NULL),
(90, 5, 10, 'completed', 'CNY', 3500, '2025-05-15 18:30:00', '2025-05-15 19:30:00', NULL, '2025-05-17 18:30:00'),
(91, 1, 11, 'completed', 'USD', 3700, '2025-05-16 19:37:00', '2025-05-16 20:37:00', NULL, '2025-05-18 19:37:00'),
(92, 2, 12, 'cancelled', 'USD', 20200, '2025-05-18 20:44:00', NULL, '2025-05-18 22:44:00', NULL),
(93, 3, 13, 'confirmed', 'CNY', 4200, '2025-05-19 21:51:00', '2025-05-19 22:51:00', NULL, NULL),
(94, 4, 14, 'completed', 'KRW', 17700, '2025-05-21 22:58:00', '2025-05-21 23:58:00', NULL, '2025-05-23 22:58:00'),
(95, 5, 15, 'completed', 'CNY', 17900, '2025-05-22 23:05:00', '2025-05-23 00:05:00', NULL, '2025-05-24 23:05:00'),
(96, 1, 16, 'cancelled', 'USD', 500, '2025-05-24 00:12:00', NULL, '2025-05-24 02:12:00', NULL),
(97, 2, 17, 'confirmed', 'USD', 12700, '2025-05-25 01:19:00', '2025-05-25 02:19:00', NULL, NULL),
(98, 3, 18, 'completed', 'CNY', 8200, '2025-05-27 02:26:00', '2025-05-27 03:26:00', NULL, '2025-05-29 02:26:00'),
(99, 4, 19, 'completed', 'KRW', 10200, '2025-05-28 03:33:00', '2025-05-28 04:33:00', NULL, '2025-05-30 03:33:00'),
(100, 5, 20, 'cancelled', 'CNY', 8700, '2025-05-30 04:40:00', NULL, '2025-05-30 06:40:00', NULL);
INSERT INTO wl_orders (id, application_id, customer_id, status, currency_code, total_minor, created_at, confirmed_at, cancelled_at, completed_at) VALUES
(101, 1, 21, 'confirmed', 'USD', 14900, '2025-05-31 05:47:00', '2025-05-31 06:47:00', NULL, NULL),
(102, 2, 22, 'completed', 'USD', 3500, '2025-06-02 06:54:00', '2025-06-02 07:54:00', NULL, '2025-06-04 06:54:00'),
(103, 3, 23, 'completed', 'CNY', 3700, '2025-06-03 07:01:00', '2025-06-03 08:01:00', NULL, '2025-06-05 07:01:00'),
(104, 4, 24, 'cancelled', 'KRW', 20200, '2025-06-05 08:08:00', NULL, '2025-06-05 10:08:00', NULL),
(105, 5, 25, 'confirmed', 'CNY', 4200, '2025-06-06 09:15:00', '2025-06-06 10:15:00', NULL, NULL),
(106, 1, 26, 'completed', 'USD', 17700, '2025-06-08 10:22:00', '2025-06-08 11:22:00', NULL, '2025-06-10 10:22:00'),
(107, 2, 27, 'completed', 'USD', 17900, '2025-06-09 11:29:00', '2025-06-09 12:29:00', NULL, '2025-06-11 11:29:00'),
(108, 3, 28, 'cancelled', 'CNY', 500, '2025-06-11 12:36:00', NULL, '2025-06-11 14:36:00', NULL),
(109, 4, 29, 'confirmed', 'KRW', 12700, '2025-06-12 13:43:00', '2025-06-12 14:43:00', NULL, NULL),
(110, 5, 30, 'completed', 'CNY', 8200, '2025-06-14 14:50:00', '2025-06-14 15:50:00', NULL, '2025-06-16 14:50:00'),
(111, 1, 31, 'completed', 'USD', 10200, '2025-06-15 15:57:00', '2025-06-15 16:57:00', NULL, '2025-06-17 15:57:00'),
(112, 2, 32, 'cancelled', 'USD', 8700, '2025-06-17 16:04:00', NULL, '2025-06-17 18:04:00', NULL),
(113, 3, 33, 'confirmed', 'CNY', 14900, '2025-06-18 17:11:00', '2025-06-18 18:11:00', NULL, NULL),
(114, 4, 34, 'completed', 'KRW', 3500, '2025-06-20 18:18:00', '2025-06-20 19:18:00', NULL, '2025-06-22 18:18:00'),
(115, 5, 35, 'completed', 'CNY', 3700, '2025-06-21 19:25:00', '2025-06-21 20:25:00', NULL, '2025-06-23 19:25:00'),
(116, 1, 36, 'cancelled', 'USD', 20200, '2025-06-23 20:32:00', NULL, '2025-06-23 22:32:00', NULL),
(117, 2, 37, 'confirmed', 'USD', 4200, '2025-06-24 21:39:00', '2025-06-24 22:39:00', NULL, NULL),
(118, 3, 38, 'completed', 'CNY', 17700, '2025-06-26 22:46:00', '2025-06-26 23:46:00', NULL, '2025-06-28 22:46:00'),
(119, 4, 39, 'completed', 'KRW', 17900, '2025-06-27 23:53:00', '2025-06-28 00:53:00', NULL, '2025-06-29 23:53:00'),
(120, 5, 40, 'cancelled', 'CNY', 500, '2025-06-29', NULL, '2025-06-29 02:00:00', NULL);
INSERT INTO wl_order_items (id, order_id, product_id, quantity, unit_price_minor, currency_code) VALUES
(1, 1, 8, 2, 4000, 'USD'),
(2, 1, 9, 1, 4500, 'USD'),
(3, 2, 3, 1, 1500, 'USD'),
(4, 2, 4, 2, 2000, 'USD'),
(5, 2, 5, 1, 2500, 'USD'),
(6, 3, 10, 2, 5000, 'CNY'),
(7, 4, 5, 1, 2500, 'KRW'),
(8, 4, 6, 2, 3000, 'KRW'),
(9, 5, 12, 2, 6000, 'CNY'),
(10, 5, 1, 1, 500, 'CNY'),
(11, 5, 2, 2, 1000, 'CNY'),
(12, 6, 7, 1, 3500, 'USD'),
(13, 7, 2, 2, 1000, 'USD'),
(14, 7, 3, 1, 1500, 'USD'),
(15, 8, 9, 1, 4500, 'CNY'),
(16, 8, 10, 2, 5000, 'CNY'),
(17, 8, 11, 1, 5500, 'CNY'),
(18, 9, 4, 2, 2000, 'KRW'),
(19, 10, 11, 1, 5500, 'CNY'),
(20, 10, 12, 2, 6000, 'CNY'),
(21, 11, 6, 2, 3000, 'USD'),
(22, 11, 7, 1, 3500, 'USD'),
(23, 11, 8, 2, 4000, 'USD'),
(24, 12, 1, 1, 500, 'USD'),
(25, 13, 8, 2, 4000, 'CNY'),
(26, 13, 9, 1, 4500, 'CNY'),
(27, 14, 3, 1, 1500, 'KRW'),
(28, 14, 4, 2, 2000, 'KRW'),
(29, 14, 5, 1, 2500, 'KRW'),
(30, 15, 10, 2, 5000, 'CNY'),
(31, 16, 5, 1, 2500, 'USD'),
(32, 16, 6, 2, 3000, 'USD'),
(33, 17, 12, 2, 6000, 'USD'),
(34, 17, 1, 1, 500, 'USD'),
(35, 17, 2, 2, 1000, 'USD'),
(36, 18, 7, 1, 3500, 'CNY'),
(37, 19, 2, 2, 1000, 'KRW'),
(38, 19, 3, 1, 1500, 'KRW'),
(39, 20, 9, 1, 4500, 'CNY'),
(40, 20, 10, 2, 5000, 'CNY'),
(41, 20, 11, 1, 5500, 'CNY'),
(42, 21, 4, 2, 2000, 'USD'),
(43, 22, 11, 1, 5500, 'USD'),
(44, 22, 12, 2, 6000, 'USD'),
(45, 23, 6, 2, 3000, 'CNY'),
(46, 23, 7, 1, 3500, 'CNY'),
(47, 23, 8, 2, 4000, 'CNY'),
(48, 24, 1, 1, 500, 'KRW'),
(49, 25, 8, 2, 4000, 'CNY'),
(50, 25, 9, 1, 4500, 'CNY'),
(51, 26, 3, 1, 1500, 'USD'),
(52, 26, 4, 2, 2000, 'USD'),
(53, 26, 5, 1, 2500, 'USD'),
(54, 27, 10, 2, 5000, 'USD'),
(55, 28, 5, 1, 2500, 'CNY'),
(56, 28, 6, 2, 3000, 'CNY'),
(57, 29, 12, 2, 6000, 'KRW'),
(58, 29, 1, 1, 500, 'KRW'),
(59, 29, 2, 2, 1000, 'KRW'),
(60, 30, 7, 1, 3500, 'CNY'),
(61, 31, 2, 2, 1000, 'USD'),
(62, 31, 3, 1, 1500, 'USD'),
(63, 32, 9, 1, 4500, 'USD'),
(64, 32, 10, 2, 5000, 'USD'),
(65, 32, 11, 1, 5500, 'USD'),
(66, 33, 4, 2, 2000, 'CNY'),
(67, 34, 11, 1, 5500, 'KRW'),
(68, 34, 12, 2, 6000, 'KRW'),
(69, 35, 6, 2, 3000, 'CNY'),
(70, 35, 7, 1, 3500, 'CNY'),
(71, 35, 8, 2, 4000, 'CNY'),
(72, 36, 1, 1, 500, 'USD'),
(73, 37, 8, 2, 4000, 'USD'),
(74, 37, 9, 1, 4500, 'USD'),
(75, 38, 3, 1, 1500, 'CNY'),
(76, 38, 4, 2, 2000, 'CNY'),
(77, 38, 5, 1, 2500, 'CNY'),
(78, 39, 10, 2, 5000, 'KRW'),
(79, 40, 5, 1, 2500, 'CNY'),
(80, 40, 6, 2, 3000, 'CNY'),
(81, 41, 12, 2, 6100, 'USD'),
(82, 41, 1, 1, 500, 'USD'),
(83, 41, 2, 2, 1100, 'USD'),
(84, 42, 7, 1, 3500, 'USD'),
(85, 43, 2, 2, 1100, 'CNY'),
(86, 43, 3, 1, 1500, 'CNY'),
(87, 44, 9, 1, 4500, 'KRW'),
(88, 44, 10, 2, 5100, 'KRW'),
(89, 44, 11, 1, 5500, 'KRW'),
(90, 45, 4, 2, 2100, 'CNY'),
(91, 46, 11, 1, 5500, 'USD'),
(92, 46, 12, 2, 6100, 'USD'),
(93, 47, 6, 2, 3100, 'USD'),
(94, 47, 7, 1, 3500, 'USD'),
(95, 47, 8, 2, 4100, 'USD'),
(96, 48, 1, 1, 500, 'CNY'),
(97, 49, 8, 2, 4100, 'KRW'),
(98, 49, 9, 1, 4500, 'KRW'),
(99, 50, 3, 1, 1500, 'CNY'),
(100, 50, 4, 2, 2100, 'CNY');
INSERT INTO wl_order_items (id, order_id, product_id, quantity, unit_price_minor, currency_code) VALUES
(101, 50, 5, 1, 2500, 'CNY'),
(102, 51, 10, 2, 5100, 'USD'),
(103, 52, 5, 1, 2500, 'USD'),
(104, 52, 6, 2, 3100, 'USD'),
(105, 53, 12, 2, 6100, 'CNY'),
(106, 53, 1, 1, 500, 'CNY'),
(107, 53, 2, 2, 1100, 'CNY'),
(108, 54, 7, 1, 3500, 'KRW'),
(109, 55, 2, 2, 1100, 'CNY'),
(110, 55, 3, 1, 1500, 'CNY'),
(111, 56, 9, 1, 4500, 'USD'),
(112, 56, 10, 2, 5100, 'USD'),
(113, 56, 11, 1, 5500, 'USD'),
(114, 57, 4, 2, 2100, 'USD'),
(115, 58, 11, 1, 5500, 'CNY'),
(116, 58, 12, 2, 6100, 'CNY'),
(117, 59, 6, 2, 3100, 'KRW'),
(118, 59, 7, 1, 3500, 'KRW'),
(119, 59, 8, 2, 4100, 'KRW'),
(120, 60, 1, 1, 500, 'CNY'),
(121, 61, 8, 2, 4100, 'USD'),
(122, 61, 9, 1, 4500, 'USD'),
(123, 62, 3, 1, 1500, 'USD'),
(124, 62, 4, 2, 2100, 'USD'),
(125, 62, 5, 1, 2500, 'USD'),
(126, 63, 10, 2, 5100, 'CNY'),
(127, 64, 5, 1, 2500, 'KRW'),
(128, 64, 6, 2, 3100, 'KRW'),
(129, 65, 12, 2, 6100, 'CNY'),
(130, 65, 1, 1, 500, 'CNY'),
(131, 65, 2, 2, 1100, 'CNY'),
(132, 66, 7, 1, 3500, 'USD'),
(133, 67, 2, 2, 1100, 'USD'),
(134, 67, 3, 1, 1500, 'USD'),
(135, 68, 9, 1, 4500, 'CNY'),
(136, 68, 10, 2, 5100, 'CNY'),
(137, 68, 11, 1, 5500, 'CNY'),
(138, 69, 4, 2, 2100, 'KRW'),
(139, 70, 11, 1, 5500, 'CNY'),
(140, 70, 12, 2, 6100, 'CNY'),
(141, 71, 6, 2, 3100, 'USD'),
(142, 71, 7, 1, 3500, 'USD'),
(143, 71, 8, 2, 4100, 'USD'),
(144, 72, 1, 1, 500, 'USD'),
(145, 73, 8, 2, 4100, 'CNY'),
(146, 73, 9, 1, 4500, 'CNY'),
(147, 74, 3, 1, 1500, 'KRW'),
(148, 74, 4, 2, 2100, 'KRW'),
(149, 74, 5, 1, 2500, 'KRW'),
(150, 75, 10, 2, 5100, 'CNY'),
(151, 76, 5, 1, 2500, 'USD'),
(152, 76, 6, 2, 3100, 'USD'),
(153, 77, 12, 2, 6100, 'USD'),
(154, 77, 1, 1, 500, 'USD'),
(155, 77, 2, 2, 1100, 'USD'),
(156, 78, 7, 1, 3500, 'CNY'),
(157, 79, 2, 2, 1100, 'KRW'),
(158, 79, 3, 1, 1500, 'KRW'),
(159, 80, 9, 1, 4500, 'CNY'),
(160, 80, 10, 2, 5100, 'CNY'),
(161, 80, 11, 1, 5500, 'CNY'),
(162, 81, 4, 2, 2100, 'USD'),
(163, 82, 11, 1, 5500, 'USD'),
(164, 82, 12, 2, 6100, 'USD'),
(165, 83, 6, 2, 3100, 'CNY'),
(166, 83, 7, 1, 3500, 'CNY'),
(167, 83, 8, 2, 4100, 'CNY'),
(168, 84, 1, 1, 500, 'KRW'),
(169, 85, 8, 2, 4100, 'CNY'),
(170, 85, 9, 1, 4500, 'CNY'),
(171, 86, 3, 1, 1500, 'USD'),
(172, 86, 4, 2, 2100, 'USD'),
(173, 86, 5, 1, 2500, 'USD'),
(174, 87, 10, 2, 5100, 'USD'),
(175, 88, 5, 1, 2500, 'CNY'),
(176, 88, 6, 2, 3100, 'CNY'),
(177, 89, 12, 2, 6100, 'KRW'),
(178, 89, 1, 1, 500, 'KRW'),
(179, 89, 2, 2, 1100, 'KRW'),
(180, 90, 7, 1, 3500, 'CNY'),
(181, 91, 2, 2, 1100, 'USD'),
(182, 91, 3, 1, 1500, 'USD'),
(183, 92, 9, 1, 4500, 'USD'),
(184, 92, 10, 2, 5100, 'USD'),
(185, 92, 11, 1, 5500, 'USD'),
(186, 93, 4, 2, 2100, 'CNY'),
(187, 94, 11, 1, 5500, 'KRW'),
(188, 94, 12, 2, 6100, 'KRW'),
(189, 95, 6, 2, 3100, 'CNY'),
(190, 95, 7, 1, 3500, 'CNY'),
(191, 95, 8, 2, 4100, 'CNY'),
(192, 96, 1, 1, 500, 'USD'),
(193, 97, 8, 2, 4100, 'USD'),
(194, 97, 9, 1, 4500, 'USD'),
(195, 98, 3, 1, 1500, 'CNY'),
(196, 98, 4, 2, 2100, 'CNY'),
(197, 98, 5, 1, 2500, 'CNY'),
(198, 99, 10, 2, 5100, 'KRW'),
(199, 100, 5, 1, 2500, 'CNY'),
(200, 100, 6, 2, 3100, 'CNY');
INSERT INTO wl_order_items (id, order_id, product_id, quantity, unit_price_minor, currency_code) VALUES
(201, 101, 12, 2, 6100, 'USD'),
(202, 101, 1, 1, 500, 'USD'),
(203, 101, 2, 2, 1100, 'USD'),
(204, 102, 7, 1, 3500, 'USD'),
(205, 103, 2, 2, 1100, 'CNY'),
(206, 103, 3, 1, 1500, 'CNY'),
(207, 104, 9, 1, 4500, 'KRW'),
(208, 104, 10, 2, 5100, 'KRW'),
(209, 104, 11, 1, 5500, 'KRW'),
(210, 105, 4, 2, 2100, 'CNY'),
(211, 106, 11, 1, 5500, 'USD'),
(212, 106, 12, 2, 6100, 'USD'),
(213, 107, 6, 2, 3100, 'USD'),
(214, 107, 7, 1, 3500, 'USD'),
(215, 107, 8, 2, 4100, 'USD'),
(216, 108, 1, 1, 500, 'CNY'),
(217, 109, 8, 2, 4100, 'KRW'),
(218, 109, 9, 1, 4500, 'KRW'),
(219, 110, 3, 1, 1500, 'CNY'),
(220, 110, 4, 2, 2100, 'CNY'),
(221, 110, 5, 1, 2500, 'CNY'),
(222, 111, 10, 2, 5100, 'USD'),
(223, 112, 5, 1, 2500, 'USD'),
(224, 112, 6, 2, 3100, 'USD'),
(225, 113, 12, 2, 6100, 'CNY'),
(226, 113, 1, 1, 500, 'CNY'),
(227, 113, 2, 2, 1100, 'CNY'),
(228, 114, 7, 1, 3500, 'KRW'),
(229, 115, 2, 2, 1100, 'CNY'),
(230, 115, 3, 1, 1500, 'CNY'),
(231, 116, 9, 1, 4500, 'USD'),
(232, 116, 10, 2, 5100, 'USD'),
(233, 116, 11, 1, 5500, 'USD'),
(234, 117, 4, 2, 2100, 'USD'),
(235, 118, 11, 1, 5500, 'CNY'),
(236, 118, 12, 2, 6100, 'CNY'),
(237, 119, 6, 2, 3100, 'KRW'),
(238, 119, 7, 1, 3500, 'KRW'),
(239, 119, 8, 2, 4100, 'KRW'),
(240, 120, 1, 1, 500, 'CNY');
