-- Generated by fixtures/v4/generator (seed=1 scale=1). Do not edit;
-- run `make fixtures-v4` to regenerate.
INSERT INTO wl_ledger_accounts (id, account_type, owner_ref, currency_code) VALUES
(1, 'platform_revenue', 'platform', 'USD'),
(2, 'channel_fee', 'platform', 'USD'),
(3, 'merchant_payable', 'org-1', 'USD'),
(4, 'merchant_payable', 'org-2', 'CNY'),
(5, 'merchant_payable', 'org-3', 'KRW');
INSERT INTO wl_fee_rule_versions (id, channel_id, fee_bps, valid_from, valid_to) VALUES
(1, 1, 310, '2025-01-01', '2025-04-01'),
(2, 1, 290, '2025-04-01', NULL),
(3, 2, 320, '2025-01-01', '2025-04-01'),
(4, 2, 300, '2025-04-01', NULL),
(5, 3, 330, '2025-01-01', '2025-04-01'),
(6, 3, 310, '2025-04-01', NULL),
(7, 4, 340, '2025-01-01', '2025-04-01'),
(8, 4, 320, '2025-04-01', NULL),
(9, 5, 350, '2025-01-01', '2025-04-01'),
(10, 5, 330, '2025-04-01', NULL);
INSERT INTO wl_ledger_transactions (id, source_type, source_id, status, posted_at) VALUES
(1, 'payment', 2, 'posted', '2025-01-02 09:30:00'),
(2, 'payment', 3, 'posted', '2025-01-04 09:40:00'),
(3, 'payment', 4, 'posted', '2025-01-07 09:30:00'),
(4, 'refund', 4, 'posted', '2025-01-10 09:30:00'),
(5, 'payment', 5, 'posted', '2025-01-08 09:40:00'),
(6, 'payment', 6, 'posted', '2025-01-10 09:40:00'),
(7, 'payment', 8, 'posted', '2025-01-14 09:30:00'),
(8, 'payment', 9, 'posted', '2025-01-16 09:30:00'),
(9, 'payment', 10, 'posted', '2025-01-19 09:30:00'),
(10, 'payment', 11, 'posted', '2025-01-20 09:40:00'),
(11, 'payment', 12, 'posted', '2025-01-22 09:40:00'),
(12, 'refund', 12, 'posted', '2025-01-25 09:40:00'),
(13, 'payment', 14, 'posted', '2025-01-26 09:40:00'),
(14, 'refund', 14, 'posted', '2025-01-29 09:40:00'),
(15, 'payment', 15, 'posted', '2025-01-28 09:30:00'),
(16, 'payment', 16, 'posted', '2025-01-31 09:50:00'),
(17, 'payment', 17, 'posted', '2025-02-01 09:30:00'),
(18, 'payment', 18, 'posted', '2025-02-03 09:30:00'),
(19, 'payment', 20, 'posted', '2025-02-07 09:30:00'),
(20, 'payment', 21, 'posted', '2025-02-09 09:40:00'),
(21, 'payment', 22, 'posted', '2025-02-12 09:30:00'),
(22, 'payment', 23, 'posted', '2025-02-13 09:40:00'),
(23, 'payment', 24, 'posted', '2025-02-15 09:30:00'),
(24, 'payment', 27, 'posted', '2025-02-21 09:40:00'),
(25, 'refund', 27, 'posted', '2025-02-24 09:40:00'),
(26, 'payment', 28, 'posted', '2025-02-24 09:30:00'),
(27, 'payment', 29, 'posted', '2025-02-25 09:30:00'),
(28, 'refund', 29, 'posted', '2025-02-28 09:30:00'),
(29, 'payment', 30, 'posted', '2025-02-27 09:40:00'),
(30, 'payment', 32, 'posted', '2025-03-03 09:50:00'),
(31, 'payment', 33, 'posted', '2025-03-05 09:30:00'),
(32, 'payment', 34, 'posted', '2025-03-08 09:40:00'),
(33, 'refund', 34, 'posted', '2025-03-11 09:40:00'),
(34, 'payment', 35, 'posted', '2025-03-09 09:30:00'),
(35, 'payment', 36, 'posted', '2025-03-11 09:30:00'),
(36, 'payment', 38, 'posted', '2025-03-15 09:30:00'),
(37, 'payment', 40, 'posted', '2025-03-20 09:30:00'),
(38, 'payment', 41, 'posted', '2025-03-21 09:40:00'),
(39, 'payment', 42, 'posted', '2025-03-23 09:30:00'),
(40, 'refund', 42, 'posted', '2025-03-26 09:30:00'),
(41, 'payment', 44, 'posted', '2025-03-27 09:30:00'),
(42, 'refund', 44, 'posted', '2025-03-30 09:30:00'),
(43, 'payment', 45, 'posted', '2025-03-29 09:30:00'),
(44, 'payment', 46, 'posted', '2025-04-01 09:30:00'),
(45, 'payment', 47, 'posted', '2025-04-03 09:30:00'),
(46, 'payment', 48, 'posted', '2025-04-04 09:50:00'),
(47, 'payment', 50, 'posted', '2025-04-09 09:40:00'),
(48, 'payment', 51, 'posted', '2025-04-10 09:30:00'),
(49, 'payment', 52, 'posted', '2025-04-13 09:40:00'),
(50, 'payment', 53, 'posted', '2025-04-15 09:40:00'),
(51, 'payment', 54, 'posted', '2025-04-16 09:30:00'),
(52, 'payment', 56, 'posted', '2025-04-21 09:30:00'),
(53, 'payment', 57, 'posted', '2025-04-22 09:40:00'),
(54, 'refund', 57, 'posted', '2025-04-25 09:40:00'),
(55, 'payment', 58, 'posted', '2025-04-25 09:40:00'),
(56, 'payment', 59, 'posted', '2025-04-27 09:40:00'),
(57, 'refund', 59, 'posted', '2025-04-30 09:40:00'),
(58, 'payment', 60, 'posted', '2025-04-28 09:30:00'),
(59, 'payment', 62, 'posted', '2025-05-03 09:30:00'),
(60, 'payment', 63, 'posted', '2025-05-04 09:30:00'),
(61, 'refund', 64, 'posted', '2025-05-10 09:30:00'),
(62, 'payment', 65, 'posted', '2025-05-09 09:30:00'),
(63, 'payment', 66, 'posted', '2025-05-10 09:40:00'),
(64, 'payment', 68, 'posted', '2025-05-15 09:40:00'),
(65, 'payment', 69, 'posted', '2025-05-16 09:40:00'),
(66, 'payment', 70, 'posted', '2025-05-19 09:40:00'),
(67, 'payment', 71, 'posted', '2025-05-21 09:30:00'),
(68, 'payment', 72, 'posted', '2025-05-22 09:30:00'),
(69, 'refund', 72, 'posted', '2025-05-25 09:30:00'),
(70, 'payment', 74, 'posted', '2025-05-27 09:40:00'),
(71, 'refund', 74, 'posted', '2025-05-30 09:40:00'),
(72, 'payment', 75, 'posted', '2025-05-28 09:40:00'),
(73, 'payment', 76, 'posted', '2025-05-31 09:30:00'),
(74, 'payment', 78, 'posted', '2025-06-03 09:30:00'),
(75, 'payment', 80, 'posted', '2025-06-08 09:30:00'),
(76, 'payment', 81, 'posted', '2025-06-09 09:30:00'),
(77, 'payment', 82, 'posted', '2025-06-12 09:30:00'),
(78, 'payment', 83, 'posted', '2025-06-14 09:30:00'),
(79, 'payment', 84, 'posted', '2025-06-15 09:40:00'),
(80, 'payment', 86, 'posted', '2025-06-20 09:40:00'),
(81, 'payment', 87, 'posted', '2025-06-21 09:30:00'),
(82, 'refund', 87, 'posted', '2025-06-24 09:30:00'),
(83, 'payment', 88, 'posted', '2025-06-24 09:40:00'),
(84, 'payment', 89, 'posted', '2025-06-26 09:30:00'),
(85, 'refund', 89, 'posted', '2025-06-29 09:30:00');
INSERT INTO wl_ledger_entries (id, transaction_id, account_id, direction, amount_minor, currency_code) VALUES
(1, 1, 3, 'credit', 7744, 'USD'),
(2, 1, 2, 'credit', 256, 'USD'),
(3, 1, 1, 'debit', 8000, 'USD'),
(4, 2, 4, 'credit', 9660, 'CNY'),
(5, 2, 2, 'credit', 340, 'CNY'),
(6, 2, 1, 'debit', 10000, 'CNY'),
(7, 3, 4, 'credit', 13993, 'CNY'),
(8, 3, 2, 'credit', 507, 'CNY'),
(9, 3, 1, 'debit', 14500, 'CNY'),
(10, 4, 4, 'debit', 14500, 'CNY'),
(11, 4, 1, 'credit', 14500, 'CNY'),
(12, 5, 3, 'credit', 3388, 'USD'),
(13, 5, 2, 'credit', 112, 'USD'),
(14, 5, 1, 'debit', 3500, 'USD'),
(15, 6, 3, 'credit', 3385, 'USD'),
(16, 6, 2, 'credit', 115, 'USD'),
(17, 6, 1, 'debit', 3500, 'USD'),
(18, 7, 4, 'credit', 16888, 'CNY'),
(19, 7, 2, 'credit', 612, 'CNY'),
(20, 7, 1, 'debit', 17500, 'CNY'),
(21, 8, 3, 'credit', 16958, 'USD'),
(22, 8, 2, 'credit', 542, 'USD'),
(23, 8, 1, 'debit', 17500, 'USD'),
(24, 9, 4, 'credit', 12088, 'CNY'),
(25, 9, 2, 'credit', 412, 'CNY'),
(26, 9, 1, 'debit', 12500, 'CNY'),
(27, 10, 5, 'credit', 7720, 'KRW'),
(28, 10, 2, 'credit', 280, 'KRW'),
(29, 10, 1, 'debit', 8000, 'KRW'),
(30, 11, 4, 'credit', 9690, 'CNY'),
(31, 11, 2, 'credit', 310, 'CNY'),
(32, 11, 1, 'debit', 10000, 'CNY'),
(33, 12, 4, 'debit', 10000, 'CNY'),
(34, 12, 1, 'credit', 10000, 'CNY'),
(35, 13, 4, 'credit', 3381, 'CNY'),
(36, 13, 2, 'credit', 119, 'CNY'),
(37, 13, 1, 'debit', 3500, 'CNY'),
(38, 14, 4, 'debit', 1400, 'CNY'),
(39, 14, 1, 'credit', 1400, 'CNY'),
(40, 15, 5, 'credit', 3381, 'KRW'),
(41, 15, 2, 'credit', 119, 'KRW'),
(42, 15, 1, 'debit', 3500, 'KRW'),
(43, 16, 3, 'credit', 3868, 'USD'),
(44, 16, 2, 'credit', 132, 'USD'),
(45, 16, 1, 'debit', 4000, 'USD'),
(46, 17, 3, 'credit', 16940, 'USD'),
(47, 17, 2, 'credit', 560, 'USD'),
(48, 17, 1, 'debit', 17500, 'USD'),
(49, 18, 4, 'credit', 16923, 'CNY'),
(50, 18, 2, 'credit', 577, 'CNY'),
(51, 18, 1, 'debit', 17500, 'CNY'),
(52, 19, 3, 'credit', 7752, 'USD'),
(53, 19, 2, 'credit', 248, 'USD'),
(54, 19, 1, 'debit', 8000, 'USD'),
(55, 20, 3, 'credit', 9670, 'USD'),
(56, 20, 2, 'credit', 330, 'USD'),
(57, 20, 1, 'debit', 10000, 'USD'),
(58, 21, 5, 'credit', 14007, 'KRW'),
(59, 21, 2, 'credit', 493, 'KRW'),
(60, 21, 1, 'debit', 14500, 'KRW'),
(61, 22, 4, 'credit', 3392, 'CNY'),
(62, 22, 2, 'credit', 108, 'CNY'),
(63, 22, 1, 'debit', 3500, 'CNY'),
(64, 23, 3, 'credit', 3392, 'USD'),
(65, 23, 2, 'credit', 108, 'USD'),
(66, 23, 1, 'debit', 3500, 'USD'),
(67, 24, 4, 'credit', 16958, 'CNY'),
(68, 24, 2, 'credit', 542, 'CNY'),
(69, 24, 1, 'debit', 17500, 'CNY'),
(70, 25, 4, 'debit', 17500, 'CNY'),
(71, 25, 1, 'credit', 17500, 'CNY'),
(72, 26, 3, 'credit', 12100, 'USD'),
(73, 26, 2, 'credit', 400, 'USD'),
(74, 26, 1, 'debit', 12500, 'USD'),
(75, 27, 4, 'credit', 7736, 'CNY'),
(76, 27, 2, 'credit', 264, 'CNY'),
(77, 27, 1, 'debit', 8000, 'CNY'),
(78, 28, 4, 'debit', 3200, 'CNY'),
(79, 28, 1, 'credit', 3200, 'CNY'),
(80, 29, 5, 'credit', 9650, 'KRW'),
(81, 29, 2, 'credit', 350, 'KRW'),
(82, 29, 1, 'debit', 10000, 'KRW'),
(83, 30, 3, 'credit', 3381, 'USD'),
(84, 30, 2, 'credit', 119, 'USD'),
(85, 30, 1, 'debit', 3500, 'USD'),
(86, 31, 4, 'credit', 3578, 'CNY'),
(87, 31, 2, 'credit', 122, 'CNY'),
(88, 31, 1, 'debit', 3700, 'CNY'),
(89, 32, 4, 'credit', 4070, 'CNY'),
(90, 32, 2, 'credit', 130, 'CNY'),
(91, 32, 1, 'debit', 4200, 'CNY'),
(92, 33, 4, 'debit', 4200, 'CNY'),
(93, 33, 1, 'credit', 4200, 'CNY'),
(94, 34, 3, 'credit', 17152, 'USD'),
(95, 34, 2, 'credit', 548, 'USD'),
(96, 34, 1, 'debit', 17700, 'USD'),
(97, 35, 3, 'credit', 17328, 'USD'),
(98, 35, 2, 'credit', 572, 'USD'),
(99, 35, 1, 'debit', 17900, 'USD'),
(100, 36, 4, 'credit', 7913, 'CNY');
INSERT INTO wl_ledger_entries (id, transaction_id, account_id, direction, amount_minor, currency_code) VALUES
(101, 36, 2, 'credit', 287, 'CNY'),
(102, 36, 1, 'debit', 8200, 'CNY'),
(103, 37, 4, 'credit', 14409, 'CNY'),
(104, 37, 2, 'credit', 491, 'CNY'),
(105, 37, 1, 'debit', 14900, 'CNY'),
(106, 38, 5, 'credit', 3378, 'KRW'),
(107, 38, 2, 'credit', 122, 'KRW'),
(108, 38, 1, 'debit', 3500, 'KRW'),
(109, 39, 4, 'credit', 3571, 'CNY'),
(110, 39, 2, 'credit', 129, 'CNY'),
(111, 39, 1, 'debit', 3700, 'CNY'),
(112, 40, 4, 'debit', 3700, 'CNY'),
(113, 40, 1, 'credit', 3700, 'CNY'),
(114, 41, 4, 'credit', 17116, 'CNY'),
(115, 41, 2, 'credit', 584, 'CNY'),
(116, 41, 1, 'debit', 17700, 'CNY'),
(117, 42, 4, 'debit', 7080, 'CNY'),
(118, 42, 1, 'credit', 7080, 'CNY'),
(119, 43, 5, 'credit', 17292, 'KRW'),
(120, 43, 2, 'credit', 608, 'KRW'),
(121, 43, 1, 'debit', 17900, 'KRW'),
(122, 44, 3, 'credit', 12332, 'USD'),
(123, 44, 2, 'credit', 368, 'USD'),
(124, 44, 1, 'debit', 12700, 'USD'),
(125, 45, 3, 'credit', 7954, 'USD'),
(126, 45, 2, 'credit', 246, 'USD'),
(127, 45, 1, 'debit', 8200, 'USD'),
(128, 46, 4, 'credit', 9864, 'CNY'),
(129, 46, 2, 'credit', 336, 'CNY'),
(130, 46, 1, 'debit', 10200, 'CNY'),
(131, 47, 3, 'credit', 3395, 'USD'),
(132, 47, 2, 'credit', 105, 'USD'),
(133, 47, 1, 'debit', 3500, 'USD'),
(134, 48, 3, 'credit', 3589, 'USD'),
(135, 48, 2, 'credit', 111, 'USD'),
(136, 48, 1, 'debit', 3700, 'USD'),
(137, 49, 5, 'credit', 4062, 'KRW'),
(138, 49, 2, 'credit', 138, 'KRW'),
(139, 49, 1, 'debit', 4200, 'KRW'),
(140, 50, 4, 'credit', 17187, 'CNY'),
(141, 50, 2, 'credit', 513, 'CNY'),
(142, 50, 1, 'debit', 17700, 'CNY'),
(143, 51, 3, 'credit', 17381, 'USD'),
(144, 51, 2, 'credit', 519, 'USD'),
(145, 51, 1, 'debit', 17900, 'USD'),
(146, 52, 5, 'credit', 7938, 'KRW'),
(147, 52, 2, 'credit', 262, 'KRW'),
(148, 52, 1, 'debit', 8200, 'KRW'),
(149, 53, 4, 'credit', 9905, 'CNY'),
(150, 53, 2, 'credit', 295, 'CNY'),
(151, 53, 1, 'debit', 10200, 'CNY'),
(152, 54, 4, 'debit', 10200, 'CNY'),
(153, 54, 1, 'credit', 10200, 'CNY'),
(154, 55, 3, 'credit', 14439, 'USD'),
(155, 55, 2, 'credit', 461, 'USD'),
(156, 55, 1, 'debit', 14900, 'USD'),
(157, 56, 4, 'credit', 3388, 'CNY'),
(158, 56, 2, 'credit', 112, 'CNY'),
(159, 56, 1, 'debit', 3500, 'CNY'),
(160, 57, 4, 'debit', 1400, 'CNY'),
(161, 57, 1, 'credit', 1400, 'CNY'),
(162, 58, 5, 'credit', 3582, 'KRW'),
(163, 58, 2, 'credit', 118, 'KRW'),
(164, 58, 1, 'debit', 3700, 'KRW'),
(165, 59, 3, 'credit', 17169, 'USD'),
(166, 59, 2, 'credit', 531, 'USD'),
(167, 59, 1, 'debit', 17700, 'USD'),
(168, 60, 4, 'credit', 17346, 'CNY'),
(169, 60, 2, 'credit', 554, 'CNY'),
(170, 60, 1, 'debit', 17900, 'CNY'),
(171, 61, 4, 'debit', 12700, 'CNY'),
(172, 61, 1, 'credit', 12700, 'CNY'),
(173, 62, 3, 'credit', 7963, 'USD'),
(174, 62, 2, 'credit', 237, 'USD'),
(175, 62, 1, 'debit', 8200, 'USD'),
(176, 63, 3, 'credit', 9884, 'USD'),
(177, 63, 2, 'credit', 316, 'USD'),
(178, 63, 1, 'debit', 10200, 'USD'),
(179, 64, 4, 'credit', 3399, 'CNY'),
(180, 64, 2, 'credit', 101, 'CNY'),
(181, 64, 1, 'debit', 3500, 'CNY'),
(182, 65, 3, 'credit', 3589, 'USD'),
(183, 65, 2, 'credit', 111, 'USD'),
(184, 65, 1, 'debit', 3700, 'USD'),
(185, 66, 4, 'credit', 4066, 'CNY'),
(186, 66, 2, 'credit', 134, 'CNY'),
(187, 66, 1, 'debit', 4200, 'CNY'),
(188, 67, 5, 'credit', 17134, 'KRW'),
(189, 67, 2, 'credit', 566, 'KRW'),
(190, 67, 1, 'debit', 17700, 'KRW'),
(191, 68, 4, 'credit', 17310, 'CNY'),
(192, 68, 2, 'credit', 590, 'CNY'),
(193, 68, 1, 'debit', 17900, 'CNY'),
(194, 69, 4, 'debit', 17900, 'CNY'),
(195, 69, 1, 'credit', 17900, 'CNY'),
(196, 70, 4, 'credit', 7938, 'CNY'),
(197, 70, 2, 'credit', 262, 'CNY'),
(198, 70, 1, 'debit', 8200, 'CNY'),
(199, 71, 4, 'debit', 3280, 'CNY'),
(200, 71, 1, 'credit', 3280, 'CNY');
INSERT INTO wl_ledger_entries (id, transaction_id, account_id, direction, amount_minor, currency_code) VALUES
(201, 72, 5, 'credit', 9864, 'KRW'),
(202, 72, 2, 'credit', 336, 'KRW'),
(203, 72, 1, 'debit', 10200, 'KRW'),
(204, 73, 3, 'credit', 14468, 'USD'),
(205, 73, 2, 'credit', 432, 'USD'),
(206, 73, 1, 'debit', 14900, 'USD'),
(207, 74, 4, 'credit', 3586, 'CNY'),
(208, 74, 2, 'credit', 114, 'CNY'),
(209, 74, 1, 'debit', 3700, 'CNY'),
(210, 75, 3, 'credit', 17187, 'USD'),
(211, 75, 2, 'credit', 513, 'USD'),
(212, 75, 1, 'debit', 17700, 'USD'),
(213, 76, 3, 'credit', 17363, 'USD'),
(214, 76, 2, 'credit', 537, 'USD'),
(215, 76, 1, 'debit', 17900, 'USD'),
(216, 77, 5, 'credit', 12294, 'KRW'),
(217, 77, 2, 'credit', 406, 'KRW'),
(218, 77, 1, 'debit', 12700, 'KRW'),
(219, 78, 4, 'credit', 7930, 'CNY'),
(220, 78, 2, 'credit', 270, 'CNY'),
(221, 78, 1, 'debit', 8200, 'CNY'),
(222, 79, 3, 'credit', 9894, 'USD'),
(223, 79, 2, 'credit', 306, 'USD'),
(224, 79, 1, 'debit', 10200, 'USD'),
(225, 80, 5, 'credit', 3385, 'KRW'),
(226, 80, 2, 'credit', 115, 'KRW'),
(227, 80, 1, 'debit', 3500, 'KRW'),
(228, 81, 4, 'credit', 3578, 'CNY'),
(229, 81, 2, 'credit', 122, 'CNY'),
(230, 81, 1, 'debit', 3700, 'CNY'),
(231, 82, 4, 'debit', 3700, 'CNY'),
(232, 82, 1, 'credit', 3700, 'CNY'),
(233, 83, 3, 'credit', 4070, 'USD'),
(234, 83, 2, 'credit', 130, 'USD'),
(235, 83, 1, 'debit', 4200, 'USD'),
(236, 84, 4, 'credit', 17152, 'CNY'),
(237, 84, 2, 'credit', 548, 'CNY'),
(238, 84, 1, 'debit', 17700, 'CNY'),
(239, 85, 4, 'debit', 7080, 'CNY'),
(240, 85, 1, 'credit', 7080, 'CNY');
INSERT INTO wl_settlements (id, organization_id, period_start, period_end, gross_minor, fee_minor, refund_minor, net_minor, currency_code, status, settled_at) VALUES
(1, 1, '2025-01-01', '2025-06-01', 252900, 7805, 0, 245095, 'USD', 'paid', '2025-06-03 10:00:00'),
(2, 2, '2025-01-01', '2025-06-01', 272900, 8850, 107060, 156990, 'CNY', 'paid', '2025-06-03 10:00:00'),
(3, 3, '2025-01-01', '2025-06-01', 118900, 3987, 0, 114913, 'KRW', 'paid', '2025-06-03 10:00:00');
INSERT INTO wl_external_statement_items (id, channel_id, external_ref, amount_minor, currency_code, statement_date) VALUES
(1, 2, 'ch-adyen-000002', 8000, 'USD', '2025-01-03'),
(2, 4, 'ch-wechatpay-000003', 10000, 'CNY', '2025-01-05'),
(3, 5, 'ch-kcp-000004', 14500, 'CNY', '2025-01-08'),
(4, 2, 'ch-adyen-000005', 3500, 'USD', '2025-01-09'),
(5, 3, 'ch-alipay-000006', 3500, 'USD', '2025-01-11'),
(6, 5, 'ch-kcp-000008', 17500, 'CNY', '2025-01-15'),
(7, 1, 'ch-stripe-000009', 17500, 'USD', '2025-01-17'),
(8, 3, 'ch-alipay-000010', 12500, 'CNY', '2025-01-20'),
(9, 5, 'ch-kcp-000011', 8000, 'KRW', '2025-01-21'),
(10, 1, 'ch-stripe-000012', 10000, 'CNY', '2025-01-23'),
(11, 4, 'ch-wechatpay-000014', 3500, 'CNY', '2025-01-27'),
(12, 3, 'ch-alipay-000016', 4000, 'USD', '2025-02-01'),
(13, 2, 'ch-adyen-000017', 17500, 'USD', '2025-02-02'),
(14, 3, 'ch-alipay-000018', 17400, 'CNY', '2025-02-04'),
(15, 1, 'ch-stripe-000020', 8000, 'USD', '2025-02-08'),
(16, 3, 'ch-alipay-000021', 10000, 'USD', '2025-02-10'),
(17, 4, 'ch-wechatpay-000022', 14500, 'KRW', '2025-02-13'),
(18, 1, 'ch-stripe-000023', 3500, 'CNY', '2025-02-14'),
(19, 1, 'ch-stripe-000024', 3500, 'USD', '2025-02-16'),
(20, 4, 'ch-wechatpay-000026', 17500, 'KRW', '2025-02-20'),
(21, 1, 'ch-stripe-000027', 17500, 'CNY', '2025-02-22'),
(22, 2, 'ch-adyen-000028', 12500, 'USD', '2025-02-25'),
(23, 5, 'ch-kcp-000030', 10000, 'KRW', '2025-02-28'),
(24, 4, 'ch-wechatpay-000032', 3500, 'USD', '2025-03-04'),
(25, 3, 'ch-alipay-000033', 3700, 'CNY', '2025-03-06'),
(26, 1, 'ch-stripe-000034', 4200, 'CNY', '2025-03-09'),
(27, 1, 'ch-stripe-000035', 17600, 'USD', '2025-03-10'),
(28, 2, 'ch-adyen-000036', 17900, 'USD', '2025-03-12'),
(29, 5, 'ch-kcp-000038', 8200, 'CNY', '2025-03-16'),
(30, 2, 'ch-adyen-000039', 10200, 'USD', '2025-03-18'),
(31, 3, 'ch-alipay-000040', 14900, 'CNY', '2025-03-21'),
(32, 5, 'ch-kcp-000041', 3500, 'KRW', '2025-03-22'),
(33, 5, 'ch-kcp-000042', 3700, 'CNY', '2025-03-24'),
(34, 3, 'ch-alipay-000044', 17700, 'CNY', '2025-03-28'),
(35, 4, 'ch-wechatpay-000045', 17900, 'KRW', '2025-03-30'),
(36, 1, 'ch-stripe-000046', 12700, 'USD', '2025-04-02'),
(37, 2, 'ch-adyen-000047', 8200, 'USD', '2025-04-04'),
(38, 5, 'ch-kcp-000048', 10200, 'CNY', '2025-04-05'),
(39, 2, 'ch-adyen-000050', 3500, 'USD', '2025-04-10'),
(40, 2, 'ch-adyen-000051', 3700, 'USD', '2025-04-11'),
(41, 5, 'ch-kcp-000052', 4100, 'KRW', '2025-04-14'),
(42, 1, 'ch-stripe-000053', 17700, 'CNY', '2025-04-16'),
(43, 1, 'ch-stripe-000054', 17900, 'USD', '2025-04-17'),
(44, 4, 'ch-wechatpay-000056', 8200, 'KRW', '2025-04-22'),
(45, 1, 'ch-stripe-000057', 10200, 'CNY', '2025-04-23'),
(46, 3, 'ch-alipay-000058', 14900, 'USD', '2025-04-26'),
(47, 4, 'ch-wechatpay-000059', 3500, 'CNY', '2025-04-28'),
(48, 4, 'ch-wechatpay-000060', 3700, 'KRW', '2025-04-29'),
(49, 2, 'ch-adyen-000062', 17700, 'USD', '2025-05-04'),
(50, 3, 'ch-alipay-000063', 17900, 'CNY', '2025-05-05'),
(51, 5, 'ch-kcp-000064', 12700, 'CNY', '2025-05-08'),
(52, 1, 'ch-stripe-000065', 8200, 'USD', '2025-05-10'),
(53, 3, 'ch-alipay-000066', 10200, 'USD', '2025-05-11'),
(54, 1, 'ch-stripe-000068', 3500, 'CNY', '2025-05-16'),
(55, 2, 'ch-adyen-000069', 3700, 'USD', '2025-05-17'),
(56, 4, 'ch-wechatpay-000070', 4200, 'CNY', '2025-05-20'),
(57, 4, 'ch-wechatpay-000071', 17700, 'KRW', '2025-05-22'),
(58, 4, 'ch-wechatpay-000074', 8200, 'CNY', '2025-05-28'),
(59, 5, 'ch-kcp-000075', 10200, 'KRW', '2025-05-29'),
(60, 1, 'ch-stripe-000076', 14900, 'USD', '2025-06-01'),
(61, 3, 'ch-alipay-000077', 3500, 'USD', '2025-06-03'),
(62, 3, 'ch-alipay-000078', 3700, 'CNY', '2025-06-04'),
(63, 1, 'ch-stripe-000080', 17700, 'USD', '2025-06-09'),
(64, 2, 'ch-adyen-000081', 17900, 'USD', '2025-06-10'),
(65, 4, 'ch-wechatpay-000082', 12700, 'KRW', '2025-06-13'),
(66, 5, 'ch-kcp-000083', 8200, 'CNY', '2025-06-15'),
(67, 2, 'ch-adyen-000084', 10200, 'USD', '2025-06-16'),
(68, 5, 'ch-kcp-000087', 3600, 'CNY', '2025-06-22'),
(69, 3, 'ch-alipay-000088', 4200, 'USD', '2025-06-25'),
(70, 3, 'ch-alipay-000089', 17700, 'CNY', '2025-06-27'),
(71, 5, 'ch-kcp-000090', 17900, 'KRW', '2025-06-28'),
(72, 1, 'ch-stripe-orphan-01', 10111, 'USD', '2025-04-12'),
(73, 2, 'ch-adyen-orphan-02', 10222, 'USD', '2025-04-13'),
(74, 3, 'ch-alipay-orphan-03', 10333, 'USD', '2025-04-14');
INSERT INTO wl_reconciliation_results (id, intent_id, statement_item_id, status, difference_minor, checked_at) VALUES
(1, 2, 1, 'matched', 0, '2025-07-01 02:00:00'),
(2, 3, 2, 'matched', 0, '2025-07-01 02:00:00'),
(3, 4, 3, 'matched', 0, '2025-07-01 02:00:00'),
(4, 5, 4, 'matched', 0, '2025-07-01 02:00:00'),
(5, 6, 5, 'matched', 0, '2025-07-01 02:00:00'),
(6, 8, 6, 'matched', 0, '2025-07-01 02:00:00'),
(7, 9, 7, 'matched', 0, '2025-07-01 02:00:00'),
(8, 10, 8, 'matched', 0, '2025-07-01 02:00:00'),
(9, 11, 9, 'matched', 0, '2025-07-01 02:00:00'),
(10, 12, 10, 'matched', 0, '2025-07-01 02:00:00'),
(11, 14, 11, 'matched', 0, '2025-07-01 02:00:00'),
(12, 15, NULL, 'missing_external', 3500, '2025-07-01 02:00:00'),
(13, 16, 12, 'matched', 0, '2025-07-01 02:00:00'),
(14, 17, 13, 'matched', 0, '2025-07-01 02:00:00'),
(15, 18, 14, 'amount_mismatch', 100, '2025-07-01 02:00:00'),
(16, 20, 15, 'matched', 0, '2025-07-01 02:00:00'),
(17, 21, 16, 'matched', 0, '2025-07-01 02:00:00'),
(18, 22, 17, 'matched', 0, '2025-07-01 02:00:00'),
(19, 23, 18, 'matched', 0, '2025-07-01 02:00:00'),
(20, 24, 19, 'matched', 0, '2025-07-01 02:00:00'),
(21, 26, 20, 'matched', 0, '2025-07-01 02:00:00'),
(22, 27, 21, 'matched', 0, '2025-07-01 02:00:00'),
(23, 28, 22, 'matched', 0, '2025-07-01 02:00:00'),
(24, 29, NULL, 'missing_external', 8000, '2025-07-01 02:00:00'),
(25, 30, 23, 'matched', 0, '2025-07-01 02:00:00'),
(26, 32, 24, 'matched', 0, '2025-07-01 02:00:00'),
(27, 33, 25, 'matched', 0, '2025-07-01 02:00:00'),
(28, 34, 26, 'matched', 0, '2025-07-01 02:00:00'),
(29, 35, 27, 'amount_mismatch', 100, '2025-07-01 02:00:00'),
(30, 36, 28, 'matched', 0, '2025-07-01 02:00:00'),
(31, 38, 29, 'matched', 0, '2025-07-01 02:00:00'),
(32, 39, 30, 'matched', 0, '2025-07-01 02:00:00'),
(33, 40, 31, 'matched', 0, '2025-07-01 02:00:00'),
(34, 41, 32, 'matched', 0, '2025-07-01 02:00:00'),
(35, 42, 33, 'matched', 0, '2025-07-01 02:00:00'),
(36, 44, 34, 'matched', 0, '2025-07-01 02:00:00'),
(37, 45, 35, 'matched', 0, '2025-07-01 02:00:00'),
(38, 46, 36, 'matched', 0, '2025-07-01 02:00:00'),
(39, 47, 37, 'matched', 0, '2025-07-01 02:00:00'),
(40, 48, 38, 'matched', 0, '2025-07-01 02:00:00'),
(41, 50, 39, 'matched', 0, '2025-07-01 02:00:00'),
(42, 51, 40, 'matched', 0, '2025-07-01 02:00:00'),
(43, 52, 41, 'amount_mismatch', 100, '2025-07-01 02:00:00'),
(44, 53, 42, 'matched', 0, '2025-07-01 02:00:00'),
(45, 54, 43, 'matched', 0, '2025-07-01 02:00:00'),
(46, 56, 44, 'matched', 0, '2025-07-01 02:00:00'),
(47, 57, 45, 'matched', 0, '2025-07-01 02:00:00'),
(48, 58, 46, 'matched', 0, '2025-07-01 02:00:00'),
(49, 59, 47, 'matched', 0, '2025-07-01 02:00:00'),
(50, 60, 48, 'matched', 0, '2025-07-01 02:00:00'),
(51, 62, 49, 'matched', 0, '2025-07-01 02:00:00'),
(52, 63, 50, 'matched', 0, '2025-07-01 02:00:00'),
(53, 64, 51, 'matched', 0, '2025-07-01 02:00:00'),
(54, 65, 52, 'matched', 0, '2025-07-01 02:00:00'),
(55, 66, 53, 'matched', 0, '2025-07-01 02:00:00'),
(56, 68, 54, 'matched', 0, '2025-07-01 02:00:00'),
(57, 69, 55, 'matched', 0, '2025-07-01 02:00:00'),
(58, 70, 56, 'matched', 0, '2025-07-01 02:00:00'),
(59, 71, 57, 'matched', 0, '2025-07-01 02:00:00'),
(60, 72, NULL, 'missing_external', 17900, '2025-07-01 02:00:00'),
(61, 74, 58, 'matched', 0, '2025-07-01 02:00:00'),
(62, 75, 59, 'matched', 0, '2025-07-01 02:00:00'),
(63, 76, 60, 'matched', 0, '2025-07-01 02:00:00'),
(64, 77, 61, 'matched', 0, '2025-07-01 02:00:00'),
(65, 78, 62, 'matched', 0, '2025-07-01 02:00:00'),
(66, 80, 63, 'matched', 0, '2025-07-01 02:00:00'),
(67, 81, 64, 'matched', 0, '2025-07-01 02:00:00'),
(68, 82, 65, 'matched', 0, '2025-07-01 02:00:00'),
(69, 83, 66, 'matched', 0, '2025-07-01 02:00:00'),
(70, 84, 67, 'matched', 0, '2025-07-01 02:00:00'),
(71, 86, NULL, 'missing_external', 3500, '2025-07-01 02:00:00'),
(72, 87, 68, 'amount_mismatch', 100, '2025-07-01 02:00:00'),
(73, 88, 69, 'matched', 0, '2025-07-01 02:00:00'),
(74, 89, 70, 'matched', 0, '2025-07-01 02:00:00'),
(75, 90, 71, 'matched', 0, '2025-07-01 02:00:00'),
(76, NULL, 72, 'missing_internal', -10111, '2025-07-01 02:00:00'),
(77, NULL, 73, 'missing_internal', -10222, '2025-07-01 02:00:00'),
(78, NULL, 74, 'missing_internal', -10333, '2025-07-01 02:00:00');
INSERT INTO wl_balance_snapshots (id, account_id, snapshot_date, balance_minor, currency_code) VALUES
(1, 3, '2025-01-31', 35343, 'USD'),
(2, 3, '2025-02-28', 85197, 'USD'),
(3, 3, '2025-03-31', 123058, 'USD'),
(4, 3, '2025-04-30', 182148, 'USD'),
(5, 3, '2025-05-31', 235221, 'USD'),
(6, 3, '2025-06-30', 283735, 'USD'),
(7, 4, '2025-01-31', 39800, 'CNY'),
(8, 4, '2025-02-28', 64109, 'CNY'),
(9, 4, '2025-03-31', 99786, 'CNY'),
(10, 4, '2025-04-30', 128530, 'CNY'),
(11, 4, '2025-05-31', 144709, 'CNY'),
(12, 4, '2025-06-30', 166175, 'CNY'),
(13, 5, '2025-01-31', 11101, 'KRW'),
(14, 5, '2025-02-28', 34758, 'KRW'),
(15, 5, '2025-03-31', 55428, 'KRW'),
(16, 5, '2025-04-30', 71010, 'KRW'),
(17, 5, '2025-05-31', 98008, 'KRW'),
(18, 5, '2025-06-30', 113687, 'KRW');
