-- Generated by fixtures/v4/generator (seed=1 scale=1). Do not edit;
-- run `make fixtures-v4` to regenerate.
INSERT INTO wl_payment_channels (id, name, status) VALUES
(1, 'stripe', 'active'),
(2, 'adyen', 'active'),
(3, 'alipay', 'active'),
(4, 'wechatpay', 'active'),
(5, 'kcp', 'active');
INSERT INTO wl_routing_rule_versions (id, rule_name, strategy, valid_from, valid_to) VALUES
(1, 'default-routing', 'round-robin by order id; failover to next channel', '2025-01-01', '2025-04-01'),
(2, 'default-routing', 'round-robin by order id; failover to next channel; kcp deprioritized', '2025-04-01', NULL);
INSERT INTO wl_payment_intents (id, order_id, status, amount_minor, fee_minor, currency_code, final_channel_id, created_at, completed_at) VALUES
(1, 1, 'processing', 12500, 0, 'USD', NULL, '2025-01-01 09:00:00', NULL),
(2, 2, 'succeeded', 8000, 256, 'USD', 2, '2025-01-02 09:00:00', '2025-01-02 09:01:00'),
(3, 3, 'succeeded', 10000, 340, 'CNY', 4, '2025-01-04 09:00:00', '2025-01-04 09:11:00'),
(4, 5, 'succeeded', 14500, 507, 'CNY', 5, '2025-01-07 09:00:00', '2025-01-07 09:01:00'),
(5, 6, 'succeeded', 3500, 112, 'USD', 2, '2025-01-08 09:00:00', '2025-01-08 09:11:00'),
(6, 7, 'succeeded', 3500, 115, 'USD', 3, '2025-01-10 09:00:00', '2025-01-10 09:11:00'),
(7, 9, 'processing', 4000, 0, 'KRW', NULL, '2025-01-13 09:00:00', NULL),
(8, 10, 'succeeded', 17500, 612, 'CNY', 5, '2025-01-14 09:00:00', '2025-01-14 09:01:00'),
(9, 11, 'succeeded', 17500, 542, 'USD', 1, '2025-01-16 09:00:00', '2025-01-16 09:01:00'),
(10, 13, 'succeeded', 12500, 412, 'CNY', 3, '2025-01-19 09:00:00', '2025-01-19 09:01:00'),
(11, 14, 'succeeded', 8000, 280, 'KRW', 5, '2025-01-20 09:00:00', '2025-01-20 09:11:00'),
(12, 15, 'succeeded', 10000, 310, 'CNY', 1, '2025-01-22 09:00:00', '2025-01-22 09:11:00'),
(13, 17, 'processing', 14500, 0, 'USD', NULL, '2025-01-25 09:00:00', NULL),
(14, 18, 'succeeded', 3500, 119, 'CNY', 4, '2025-01-26 09:00:00', '2025-01-26 09:11:00'),
(15, 19, 'succeeded', 3500, 119, 'KRW', 4, '2025-01-28 09:00:00', '2025-01-28 09:01:00'),
(16, 21, 'succeeded', 4000, 132, 'USD', 3, '2025-01-31 09:00:00', '2025-01-31 09:21:00'),
(17, 22, 'succeeded', 17500, 560, 'USD', 2, '2025-02-01 09:00:00', '2025-02-01 09:01:00'),
(18, 23, 'succeeded', 17500, 577, 'CNY', 3, '2025-02-03 09:00:00', '2025-02-03 09:01:00'),
(19, 25, 'processing', 12500, 0, 'CNY', NULL, '2025-02-06 09:00:00', NULL),
(20, 26, 'succeeded', 8000, 248, 'USD', 1, '2025-02-07 09:00:00', '2025-02-07 09:01:00'),
(21, 27, 'succeeded', 10000, 330, 'USD', 3, '2025-02-09 09:00:00', '2025-02-09 09:11:00'),
(22, 29, 'succeeded', 14500, 493, 'KRW', 4, '2025-02-12 09:00:00', '2025-02-12 09:01:00'),
(23, 30, 'succeeded', 3500, 108, 'CNY', 1, '2025-02-13 09:00:00', '2025-02-13 09:11:00'),
(24, 31, 'succeeded', 3500, 108, 'USD', 1, '2025-02-15 09:00:00', '2025-02-15 09:01:00'),
(25, 33, 'processing', 4000, 0, 'CNY', NULL, '2025-02-18 09:00:00', NULL),
(26, 34, 'succeeded', 17500, 595, 'KRW', 4, '2025-02-19 09:00:00', '2025-02-19 09:01:00'),
(27, 35, 'succeeded', 17500, 542, 'CNY', 1, '2025-02-21 09:00:00', '2025-02-21 09:11:00'),
(28, 37, 'succeeded', 12500, 400, 'USD', 2, '2025-02-24 09:00:00', '2025-02-24 09:01:00'),
(29, 38, 'succeeded', 8000, 264, 'CNY', 3, '2025-02-25 09:00:00', '2025-02-25 09:01:00'),
(30, 39, 'succeeded', 10000, 350, 'KRW', 5, '2025-02-27 09:00:00', '2025-02-27 09:11:00'),
(31, 41, 'processing', 14900, 0, 'USD', NULL, '2025-03-02 09:00:00', NULL),
(32, 42, 'succeeded', 3500, 119, 'USD', 4, '2025-03-03 09:00:00', '2025-03-03 09:21:00'),
(33, 43, 'succeeded', 3700, 122, 'CNY', 3, '2025-03-05 09:00:00', '2025-03-05 09:01:00'),
(34, 45, 'succeeded', 4200, 130, 'CNY', 1, '2025-03-08 09:00:00', '2025-03-08 09:11:00'),
(35, 46, 'succeeded', 17700, 548, 'USD', 1, '2025-03-09 09:00:00', '2025-03-09 09:01:00'),
(36, 47, 'succeeded', 17900, 572, 'USD', 2, '2025-03-11 09:00:00', '2025-03-11 09:01:00'),
(37, 49, 'processing', 12700, 0, 'KRW', NULL, '2025-03-14 09:00:00', NULL),
(38, 50, 'succeeded', 8200, 287, 'CNY', 5, '2025-03-15 09:00:00', '2025-03-15 09:01:00'),
(39, 51, 'succeeded', 10200, 326, 'USD', 2, '2025-03-17 09:00:00', '2025-03-17 09:11:00'),
(40, 53, 'succeeded', 14900, 491, 'CNY', 3, '2025-03-20 09:00:00', '2025-03-20 09:01:00'),
(41, 54, 'succeeded', 3500, 122, 'KRW', 5, '2025-03-21 09:00:00', '2025-03-21 09:11:00'),
(42, 55, 'succeeded', 3700, 129, 'CNY', 5, '2025-03-23 09:00:00', '2025-03-23 09:01:00'),
(43, 57, 'processing', 4200, 0, 'USD', NULL, '2025-03-26 09:00:00', NULL),
(44, 58, 'succeeded', 17700, 584, 'CNY', 3, '2025-03-27 09:00:00', '2025-03-27 09:01:00'),
(45, 59, 'succeeded', 17900, 608, 'KRW', 4, '2025-03-29 09:00:00', '2025-03-29 09:01:00'),
(46, 61, 'succeeded', 12700, 368, 'USD', 1, '2025-04-01 09:00:00', '2025-04-01 09:01:00'),
(47, 62, 'succeeded', 8200, 246, 'USD', 2, '2025-04-03 09:00:00', '2025-04-03 09:01:00'),
(48, 63, 'succeeded', 10200, 336, 'CNY', 5, '2025-04-04 09:00:00', '2025-04-04 09:21:00'),
(49, 65, 'processing', 14900, 0, 'CNY', NULL, '2025-04-07 09:00:00', NULL),
(50, 66, 'succeeded', 3500, 105, 'USD', 2, '2025-04-09 09:00:00', '2025-04-09 09:11:00'),
(51, 67, 'succeeded', 3700, 111, 'USD', 2, '2025-04-10 09:00:00', '2025-04-10 09:01:00'),
(52, 69, 'succeeded', 4200, 138, 'KRW', 5, '2025-04-13 09:00:00', '2025-04-13 09:11:00'),
(53, 70, 'succeeded', 17700, 513, 'CNY', 1, '2025-04-15 09:00:00', '2025-04-15 09:11:00'),
(54, 71, 'succeeded', 17900, 519, 'USD', 1, '2025-04-16 09:00:00', '2025-04-16 09:01:00'),
(55, 73, 'processing', 12700, 0, 'CNY', NULL, '2025-04-19 09:00:00', NULL),
(56, 74, 'succeeded', 8200, 262, 'KRW', 4, '2025-04-21 09:00:00', '2025-04-21 09:01:00'),
(57, 75, 'succeeded', 10200, 295, 'CNY', 1, '2025-04-22 09:00:00', '2025-04-22 09:11:00'),
(58, 77, 'succeeded', 14900, 461, 'USD', 3, '2025-04-25 09:00:00', '2025-04-25 09:11:00'),
(59, 78, 'succeeded', 3500, 112, 'CNY', 4, '2025-04-27 09:00:00', '2025-04-27 09:11:00'),
(60, 79, 'succeeded', 3700, 118, 'KRW', 4, '2025-04-28 09:00:00', '2025-04-28 09:01:00'),
(61, 81, 'processing', 4200, 0, 'USD', NULL, '2025-05-01 09:00:00', NULL),
(62, 82, 'succeeded', 17700, 531, 'USD', 2, '2025-05-03 09:00:00', '2025-05-03 09:01:00'),
(63, 83, 'succeeded', 17900, 554, 'CNY', 3, '2025-05-04 09:00:00', '2025-05-04 09:01:00'),
(64, 85, 'succeeded', 12700, 419, 'CNY', 5, '2025-05-07 09:00:00', '2025-05-07 09:01:00'),
(65, 86, 'succeeded', 8200, 237, 'USD', 1, '2025-05-09 09:00:00', '2025-05-09 09:01:00'),
(66, 87, 'succeeded', 10200, 316, 'USD', 3, '2025-05-10 09:00:00', '2025-05-10 09:11:00'),
(67, 89, 'processing', 14900, 0, 'KRW', NULL, '2025-05-13 09:00:00', NULL),
(68, 90, 'succeeded', 3500, 101, 'CNY', 1, '2025-05-15 09:00:00', '2025-05-15 09:11:00'),
(69, 91, 'succeeded', 3700, 111, 'USD', 2, '2025-05-16 09:00:00', '2025-05-16 09:11:00'),
(70, 93, 'succeeded', 4200, 134, 'CNY', 4, '2025-05-19 09:00:00', '2025-05-19 09:11:00'),
(71, 94, 'succeeded', 17700, 566, 'KRW', 4, '2025-05-21 09:00:00', '2025-05-21 09:01:00'),
(72, 95, 'succeeded', 17900, 590, 'CNY', 5, '2025-05-22 09:00:00', '2025-05-22 09:01:00'),
(73, 97, 'processing', 12700, 0, 'USD', NULL, '2025-05-25 09:00:00', NULL),
(74, 98, 'succeeded', 8200, 262, 'CNY', 4, '2025-05-27 09:00:00', '2025-05-27 09:11:00'),
(75, 99, 'succeeded', 10200, 336, 'KRW', 5, '2025-05-28 09:00:00', '2025-05-28 09:11:00'),
(76, 101, 'succeeded', 14900, 432, 'USD', 1, '2025-05-31 09:00:00', '2025-05-31 09:01:00'),
(77, 102, 'succeeded', 3500, 108, 'USD', 3, '2025-06-02 09:00:00', '2025-06-02 09:11:00'),
(78, 103, 'succeeded', 3700, 114, 'CNY', 3, '2025-06-03 09:00:00', '2025-06-03 09:01:00'),
(79, 105, 'processing', 4200, 0, 'CNY', NULL, '2025-06-06 09:00:00', NULL),
(80, 106, 'succeeded', 17700, 513, 'USD', 1, '2025-06-08 09:00:00', '2025-06-08 09:01:00'),
(81, 107, 'succeeded', 17900, 537, 'USD', 2, '2025-06-09 09:00:00', '2025-06-09 09:01:00'),
(82, 109, 'succeeded', 12700, 406, 'KRW', 4, '2025-06-12 09:00:00', '2025-06-12 09:01:00'),
(83, 110, 'succeeded', 8200, 270, 'CNY', 5, '2025-06-14 09:00:00', '2025-06-14 09:01:00'),
(84, 111, 'succeeded', 10200, 306, 'USD', 2, '2025-06-15 09:00:00', '2025-06-15 09:11:00'),
(85, 113, 'processing', 14900, 0, 'CNY', NULL, '2025-06-18 09:00:00', NULL),
(86, 114, 'succeeded', 3500, 115, 'KRW', 5, '2025-06-20 09:00:00', '2025-06-20 09:11:00'),
(87, 115, 'succeeded', 3700, 122, 'CNY', 5, '2025-06-21 09:00:00', '2025-06-21 09:01:00'),
(88, 117, 'succeeded', 4200, 130, 'USD', 3, '2025-06-24 09:00:00', '2025-06-24 09:11:00'),
(89, 118, 'succeeded', 17700, 548, 'CNY', 3, '2025-06-26 09:00:00', '2025-06-26 09:01:00'),
(90, 119, 'succeeded', 17900, 590, 'KRW', 5, '2025-06-27 09:00:00', '2025-06-27 09:11:00');
INSERT INTO wl_payment_attempts (id, intent_id, attempt_no, channel_id, status, channel_status, amount_minor, created_at) VALUES
(1, 1, 1, 1, 'processing', 'PENDING', 12500, '2025-01-01 09:00:00'),
(2, 2, 1, 2, 'succeeded', 'SETTLED', 8000, '2025-01-02 09:00:00'),
(3, 3, 1, 3, 'failed', 'DECLINED', 10000, '2025-01-04 09:00:00'),
(4, 3, 2, 4, 'succeeded', 'SETTLED', 10000, '2025-01-04 09:10:00'),
(5, 4, 1, 5, 'succeeded', 'SETTLED', 14500, '2025-01-07 09:00:00'),
(6, 5, 1, 1, 'failed', 'DECLINED', 3500, '2025-01-08 09:00:00'),
(7, 5, 2, 2, 'succeeded', 'SETTLED', 3500, '2025-01-08 09:10:00'),
(8, 6, 1, 2, 'failed', 'DECLINED', 3500, '2025-01-10 09:00:00'),
(9, 6, 2, 3, 'succeeded', 'SETTLED', 3500, '2025-01-10 09:10:00'),
(10, 7, 1, 4, 'failed', 'DECLINED', 4000, '2025-01-13 09:00:00'),
(11, 7, 2, 5, 'processing', 'PENDING', 4000, '2025-01-13 09:10:00'),
(12, 8, 1, 5, 'succeeded', 'SETTLED', 17500, '2025-01-14 09:00:00'),
(13, 9, 1, 1, 'succeeded', 'SETTLED', 17500, '2025-01-16 09:00:00'),
(14, 10, 1, 3, 'succeeded', 'SETTLED', 12500, '2025-01-19 09:00:00'),
(15, 11, 1, 4, 'failed', 'DECLINED', 8000, '2025-01-20 09:00:00'),
(16, 11, 2, 5, 'succeeded', 'SETTLED', 8000, '2025-01-20 09:10:00'),
(17, 12, 1, 5, 'failed', 'DECLINED', 10000, '2025-01-22 09:00:00'),
(18, 12, 2, 1, 'succeeded', 'SETTLED', 10000, '2025-01-22 09:10:00'),
(19, 13, 1, 2, 'processing', 'PENDING', 14500, '2025-01-25 09:00:00'),
(20, 14, 1, 3, 'failed', 'DECLINED', 3500, '2025-01-26 09:00:00'),
(21, 14, 2, 4, 'succeeded', 'SETTLED', 3500, '2025-01-26 09:10:00'),
(22, 15, 1, 4, 'succeeded', 'SETTLED', 3500, '2025-01-28 09:00:00'),
(23, 16, 1, 1, 'failed', 'DECLINED', 4000, '2025-01-31 09:00:00'),
(24, 16, 2, 2, 'failed', 'DECLINED', 4000, '2025-01-31 09:10:00'),
(25, 16, 3, 3, 'succeeded', 'SETTLED', 4000, '2025-01-31 09:20:00'),
(26, 17, 1, 2, 'succeeded', 'SETTLED', 17500, '2025-02-01 09:00:00'),
(27, 18, 1, 3, 'succeeded', 'SETTLED', 17500, '2025-02-03 09:00:00'),
(28, 19, 1, 5, 'processing', 'PENDING', 12500, '2025-02-06 09:00:00'),
(29, 20, 1, 1, 'succeeded', 'SETTLED', 8000, '2025-02-07 09:00:00'),
(30, 21, 1, 2, 'failed', 'DECLINED', 10000, '2025-02-09 09:00:00'),
(31, 21, 2, 3, 'succeeded', 'SETTLED', 10000, '2025-02-09 09:10:00'),
(32, 22, 1, 4, 'succeeded', 'SETTLED', 14500, '2025-02-12 09:00:00'),
(33, 23, 1, 5, 'failed', 'DECLINED', 3500, '2025-02-13 09:00:00'),
(34, 23, 2, 1, 'succeeded', 'SETTLED', 3500, '2025-02-13 09:10:00'),
(35, 24, 1, 1, 'succeeded', 'SETTLED', 3500, '2025-02-15 09:00:00'),
(36, 25, 1, 3, 'failed', 'DECLINED', 4000, '2025-02-18 09:00:00'),
(37, 25, 2, 4, 'processing', 'PENDING', 4000, '2025-02-18 09:10:00'),
(38, 26, 1, 4, 'succeeded', 'SETTLED', 17500, '2025-02-19 09:00:00'),
(39, 27, 1, 5, 'failed', 'DECLINED', 17500, '2025-02-21 09:00:00'),
(40, 27, 2, 1, 'succeeded', 'SETTLED', 17500, '2025-02-21 09:10:00'),
(41, 28, 1, 2, 'succeeded', 'SETTLED', 12500, '2025-02-24 09:00:00'),
(42, 29, 1, 3, 'succeeded', 'SETTLED', 8000, '2025-02-25 09:00:00'),
(43, 30, 1, 4, 'failed', 'DECLINED', 10000, '2025-02-27 09:00:00'),
(44, 30, 2, 5, 'succeeded', 'SETTLED', 10000, '2025-02-27 09:10:00'),
(45, 31, 1, 1, 'processing', 'PENDING', 14900, '2025-03-02 09:00:00'),
(46, 32, 1, 2, 'failed', 'DECLINED', 3500, '2025-03-03 09:00:00'),
(47, 32, 2, 3, 'failed', 'DECLINED', 3500, '2025-03-03 09:10:00'),
(48, 32, 3, 4, 'succeeded', 'SETTLED', 3500, '2025-03-03 09:20:00'),
(49, 33, 1, 3, 'succeeded', 'SETTLED', 3700, '2025-03-05 09:00:00'),
(50, 34, 1, 5, 'failed', 'DECLINED', 4200, '2025-03-08 09:00:00'),
(51, 34, 2, 1, 'succeeded', 'SETTLED', 4200, '2025-03-08 09:10:00'),
(52, 35, 1, 1, 'succeeded', 'SETTLED', 17700, '2025-03-09 09:00:00'),
(53, 36, 1, 2, 'succeeded', 'SETTLED', 17900, '2025-03-11 09:00:00'),
(54, 37, 1, 4, 'failed', 'DECLINED', 12700, '2025-03-14 09:00:00'),
(55, 37, 2, 5, 'processing', 'PENDING', 12700, '2025-03-14 09:10:00'),
(56, 38, 1, 5, 'succeeded', 'SETTLED', 8200, '2025-03-15 09:00:00'),
(57, 39, 1, 1, 'failed', 'DECLINED', 10200, '2025-03-17 09:00:00'),
(58, 39, 2, 2, 'succeeded', 'SETTLED', 10200, '2025-03-17 09:10:00'),
(59, 40, 1, 3, 'succeeded', 'SETTLED', 14900, '2025-03-20 09:00:00'),
(60, 41, 1, 4, 'failed', 'DECLINED', 3500, '2025-03-21 09:00:00'),
(61, 41, 2, 5, 'succeeded', 'SETTLED', 3500, '2025-03-21 09:10:00'),
(62, 42, 1, 5, 'succeeded', 'SETTLED', 3700, '2025-03-23 09:00:00'),
(63, 43, 1, 2, 'failed', 'DECLINED', 4200, '2025-03-26 09:00:00'),
(64, 43, 2, 3, 'processing', 'PENDING', 4200, '2025-03-26 09:10:00'),
(65, 44, 1, 3, 'succeeded', 'SETTLED', 17700, '2025-03-27 09:00:00'),
(66, 45, 1, 4, 'succeeded', 'SETTLED', 17900, '2025-03-29 09:00:00'),
(67, 46, 1, 1, 'succeeded', 'SETTLED', 12700, '2025-04-01 09:00:00'),
(68, 47, 1, 2, 'succeeded', 'SETTLED', 8200, '2025-04-03 09:00:00'),
(69, 48, 1, 3, 'failed', 'DECLINED', 10200, '2025-04-04 09:00:00'),
(70, 48, 2, 4, 'failed', 'DECLINED', 10200, '2025-04-04 09:10:00'),
(71, 48, 3, 5, 'succeeded', 'SETTLED', 10200, '2025-04-04 09:20:00'),
(72, 49, 1, 5, 'processing', 'PENDING', 14900, '2025-04-07 09:00:00'),
(73, 50, 1, 1, 'failed', 'DECLINED', 3500, '2025-04-09 09:00:00'),
(74, 50, 2, 2, 'succeeded', 'SETTLED', 3500, '2025-04-09 09:10:00'),
(75, 51, 1, 2, 'succeeded', 'SETTLED', 3700, '2025-04-10 09:00:00'),
(76, 52, 1, 4, 'failed', 'DECLINED', 4200, '2025-04-13 09:00:00'),
(77, 52, 2, 5, 'succeeded', 'SETTLED', 4200, '2025-04-13 09:10:00'),
(78, 53, 1, 5, 'failed', 'DECLINED', 17700, '2025-04-15 09:00:00'),
(79, 53, 2, 1, 'succeeded', 'SETTLED', 17700, '2025-04-15 09:10:00'),
(80, 54, 1, 1, 'succeeded', 'SETTLED', 17900, '2025-04-16 09:00:00'),
(81, 55, 1, 3, 'processing', 'PENDING', 12700, '2025-04-19 09:00:00'),
(82, 56, 1, 4, 'succeeded', 'SETTLED', 8200, '2025-04-21 09:00:00'),
(83, 57, 1, 5, 'failed', 'DECLINED', 10200, '2025-04-22 09:00:00'),
(84, 57, 2, 1, 'succeeded', 'SETTLED', 10200, '2025-04-22 09:10:00'),
(85, 58, 1, 2, 'failed', 'DECLINED', 14900, '2025-04-25 09:00:00'),
(86, 58, 2, 3, 'succeeded', 'SETTLED', 14900, '2025-04-25 09:10:00'),
(87, 59, 1, 3, 'failed', 'DECLINED', 3500, '2025-04-27 09:00:00'),
(88, 59, 2, 4, 'succeeded', 'SETTLED', 3500, '2025-04-27 09:10:00'),
(89, 60, 1, 4, 'succeeded', 'SETTLED', 3700, '2025-04-28 09:00:00'),
(90, 61, 1, 1, 'failed', 'DECLINED', 4200, '2025-05-01 09:00:00'),
(91, 61, 2, 2, 'processing', 'PENDING', 4200, '2025-05-01 09:10:00'),
(92, 62, 1, 2, 'succeeded', 'SETTLED', 17700, '2025-05-03 09:00:00'),
(93, 63, 1, 3, 'succeeded', 'SETTLED', 17900, '2025-05-04 09:00:00'),
(94, 64, 1, 5, 'succeeded', 'SETTLED', 12700, '2025-05-07 09:00:00'),
(95, 65, 1, 1, 'succeeded', 'SETTLED', 8200, '2025-05-09 09:00:00'),
(96, 66, 1, 2, 'failed', 'DECLINED', 10200, '2025-05-10 09:00:00'),
(97, 66, 2, 3, 'succeeded', 'SETTLED', 10200, '2025-05-10 09:10:00'),
(98, 67, 1, 4, 'processing', 'PENDING', 14900, '2025-05-13 09:00:00'),
(99, 68, 1, 5, 'failed', 'DECLINED', 3500, '2025-05-15 09:00:00'),
(100, 68, 2, 1, 'succeeded', 'SETTLED', 3500, '2025-05-15 09:10:00');
INSERT INTO wl_payment_attempts (id, intent_id, attempt_no, channel_id, status, channel_status, amount_minor, created_at) VALUES
(101, 69, 1, 1, 'failed', 'DECLINED', 3700, '2025-05-16 09:00:00'),
(102, 69, 2, 2, 'succeeded', 'SETTLED', 3700, '2025-05-16 09:10:00'),
(103, 70, 1, 3, 'failed', 'DECLINED', 4200, '2025-05-19 09:00:00'),
(104, 70, 2, 4, 'succeeded', 'SETTLED', 4200, '2025-05-19 09:10:00'),
(105, 71, 1, 4, 'succeeded', 'SETTLED', 17700, '2025-05-21 09:00:00'),
(106, 72, 1, 5, 'succeeded', 'SETTLED', 17900, '2025-05-22 09:00:00'),
(107, 73, 1, 2, 'processing', 'PENDING', 12700, '2025-05-25 09:00:00'),
(108, 74, 1, 3, 'failed', 'DECLINED', 8200, '2025-05-27 09:00:00'),
(109, 74, 2, 4, 'succeeded', 'SETTLED', 8200, '2025-05-27 09:10:00'),
(110, 75, 1, 4, 'failed', 'DECLINED', 10200, '2025-05-28 09:00:00'),
(111, 75, 2, 5, 'succeeded', 'SETTLED', 10200, '2025-05-28 09:10:00'),
(112, 76, 1, 1, 'succeeded', 'SETTLED', 14900, '2025-05-31 09:00:00'),
(113, 77, 1, 2, 'failed', 'DECLINED', 3500, '2025-06-02 09:00:00'),
(114, 77, 2, 3, 'succeeded', 'SETTLED', 3500, '2025-06-02 09:10:00'),
(115, 78, 1, 3, 'succeeded', 'SETTLED', 3700, '2025-06-03 09:00:00'),
(116, 79, 1, 5, 'failed', 'DECLINED', 4200, '2025-06-06 09:00:00'),
(117, 79, 2, 1, 'failed', 'DECLINED', 4200, '2025-06-06 09:10:00'),
(118, 79, 3, 2, 'processing', 'PENDING', 4200, '2025-06-06 09:20:00'),
(119, 80, 1, 1, 'succeeded', 'SETTLED', 17700, '2025-06-08 09:00:00'),
(120, 81, 1, 2, 'succeeded', 'SETTLED', 17900, '2025-06-09 09:00:00'),
(121, 82, 1, 4, 'succeeded', 'SETTLED', 12700, '2025-06-12 09:00:00'),
(122, 83, 1, 5, 'succeeded', 'SETTLED', 8200, '2025-06-14 09:00:00'),
(123, 84, 1, 1, 'failed', 'DECLINED', 10200, '2025-06-15 09:00:00'),
(124, 84, 2, 2, 'succeeded', 'SETTLED', 10200, '2025-06-15 09:10:00'),
(125, 85, 1, 3, 'processing', 'PENDING', 14900, '2025-06-18 09:00:00'),
(126, 86, 1, 4, 'failed', 'DECLINED', 3500, '2025-06-20 09:00:00'),
(127, 86, 2, 5, 'succeeded', 'SETTLED', 3500, '2025-06-20 09:10:00'),
(128, 87, 1, 5, 'succeeded', 'SETTLED', 3700, '2025-06-21 09:00:00'),
(129, 88, 1, 2, 'failed', 'DECLINED', 4200, '2025-06-24 09:00:00'),
(130, 88, 2, 3, 'succeeded', 'SETTLED', 4200, '2025-06-24 09:10:00'),
(131, 89, 1, 3, 'succeeded', 'SETTLED', 17700, '2025-06-26 09:00:00'),
(132, 90, 1, 4, 'failed', 'DECLINED', 17900, '2025-06-27 09:00:00'),
(133, 90, 2, 5, 'succeeded', 'SETTLED', 17900, '2025-06-27 09:10:00');
INSERT INTO wl_routing_decisions (id, attempt_id, rule_version_id, selected_channel_id, reason) VALUES
(1, 1, 1, 1, 'primary'),
(2, 2, 1, 2, 'primary'),
(3, 3, 1, 3, 'primary'),
(4, 4, 1, 4, 'retry_failover'),
(5, 5, 1, 5, 'primary'),
(6, 6, 1, 1, 'primary'),
(7, 7, 1, 2, 'retry_failover'),
(8, 8, 1, 2, 'primary'),
(9, 9, 1, 3, 'retry_failover'),
(10, 10, 1, 4, 'primary'),
(11, 11, 1, 5, 'retry_failover'),
(12, 12, 1, 5, 'primary'),
(13, 13, 1, 1, 'primary'),
(14, 14, 1, 3, 'primary'),
(15, 15, 1, 4, 'primary'),
(16, 16, 1, 5, 'retry_failover'),
(17, 17, 1, 5, 'primary'),
(18, 18, 1, 1, 'retry_failover'),
(19, 19, 1, 2, 'primary'),
(20, 20, 1, 3, 'primary'),
(21, 21, 1, 4, 'retry_failover'),
(22, 22, 1, 4, 'primary'),
(23, 23, 1, 1, 'primary'),
(24, 24, 1, 2, 'retry_failover'),
(25, 25, 1, 3, 'retry_failover'),
(26, 26, 1, 2, 'primary'),
(27, 27, 1, 3, 'primary'),
(28, 28, 1, 5, 'primary'),
(29, 29, 1, 1, 'primary'),
(30, 30, 1, 2, 'primary'),
(31, 31, 1, 3, 'retry_failover'),
(32, 32, 1, 4, 'primary'),
(33, 33, 1, 5, 'primary'),
(34, 34, 1, 1, 'retry_failover'),
(35, 35, 1, 1, 'primary'),
(36, 36, 1, 3, 'primary'),
(37, 37, 1, 4, 'retry_failover'),
(38, 38, 1, 4, 'primary'),
(39, 39, 1, 5, 'primary'),
(40, 40, 1, 1, 'retry_failover'),
(41, 41, 1, 2, 'primary'),
(42, 42, 1, 3, 'primary'),
(43, 43, 1, 4, 'primary'),
(44, 44, 1, 5, 'retry_failover'),
(45, 45, 1, 1, 'primary'),
(46, 46, 1, 2, 'primary'),
(47, 47, 1, 3, 'retry_failover'),
(48, 48, 1, 4, 'retry_failover'),
(49, 49, 1, 3, 'primary'),
(50, 50, 1, 5, 'primary'),
(51, 51, 1, 1, 'retry_failover'),
(52, 52, 1, 1, 'primary'),
(53, 53, 1, 2, 'primary'),
(54, 54, 1, 4, 'primary'),
(55, 55, 1, 5, 'retry_failover'),
(56, 56, 1, 5, 'primary'),
(57, 57, 1, 1, 'primary'),
(58, 58, 1, 2, 'retry_failover'),
(59, 59, 1, 3, 'primary'),
(60, 60, 1, 4, 'primary'),
(61, 61, 1, 5, 'retry_failover'),
(62, 62, 1, 5, 'primary'),
(63, 63, 1, 2, 'primary'),
(64, 64, 1, 3, 'retry_failover'),
(65, 65, 1, 3, 'primary'),
(66, 66, 1, 4, 'primary'),
(67, 67, 2, 1, 'primary'),
(68, 68, 2, 2, 'primary'),
(69, 69, 2, 3, 'primary'),
(70, 70, 2, 4, 'retry_failover'),
(71, 71, 2, 5, 'retry_failover'),
(72, 72, 2, 5, 'primary'),
(73, 73, 2, 1, 'primary'),
(74, 74, 2, 2, 'retry_failover'),
(75, 75, 2, 2, 'primary'),
(76, 76, 2, 4, 'primary'),
(77, 77, 2, 5, 'retry_failover'),
(78, 78, 2, 5, 'primary'),
(79, 79, 2, 1, 'retry_failover'),
(80, 80, 2, 1, 'primary'),
(81, 81, 2, 3, 'primary'),
(82, 82, 2, 4, 'primary'),
(83, 83, 2, 5, 'primary'),
(84, 84, 2, 1, 'retry_failover'),
(85, 85, 2, 2, 'primary'),
(86, 86, 2, 3, 'retry_failover'),
(87, 87, 2, 3, 'primary'),
(88, 88, 2, 4, 'retry_failover'),
(89, 89, 2, 4, 'primary'),
(90, 90, 2, 1, 'primary'),
(91, 91, 2, 2, 'retry_failover'),
(92, 92, 2, 2, 'primary'),
(93, 93, 2, 3, 'primary'),
(94, 94, 2, 5, 'primary'),
(95, 95, 2, 1, 'primary'),
(96, 96, 2, 2, 'primary'),
(97, 97, 2, 3, 'retry_failover'),
(98, 98, 2, 4, 'primary'),
(99, 99, 2, 5, 'primary'),
(100, 100, 2, 1, 'retry_failover');
INSERT INTO wl_routing_decisions (id, attempt_id, rule_version_id, selected_channel_id, reason) VALUES
(101, 101, 2, 1, 'primary'),
(102, 102, 2, 2, 'retry_failover'),
(103, 103, 2, 3, 'primary'),
(104, 104, 2, 4, 'retry_failover'),
(105, 105, 2, 4, 'primary'),
(106, 106, 2, 5, 'primary'),
(107, 107, 2, 2, 'primary'),
(108, 108, 2, 3, 'primary'),
(109, 109, 2, 4, 'retry_failover'),
(110, 110, 2, 4, 'primary'),
(111, 111, 2, 5, 'retry_failover'),
(112, 112, 2, 1, 'primary'),
(113, 113, 2, 2, 'primary'),
(114, 114, 2, 3, 'retry_failover'),
(115, 115, 2, 3, 'primary'),
(116, 116, 2, 5, 'primary'),
(117, 117, 2, 1, 'retry_failover'),
(118, 118, 2, 2, 'retry_failover'),
(119, 119, 2, 1, 'primary'),
(120, 120, 2, 2, 'primary'),
(121, 121, 2, 4, 'primary'),
(122, 122, 2, 5, 'primary'),
(123, 123, 2, 1, 'primary'),
(124, 124, 2, 2, 'retry_failover'),
(125, 125, 2, 3, 'primary'),
(126, 126, 2, 4, 'primary'),
(127, 127, 2, 5, 'retry_failover'),
(128, 128, 2, 5, 'primary'),
(129, 129, 2, 2, 'primary'),
(130, 130, 2, 3, 'retry_failover'),
(131, 131, 2, 3, 'primary'),
(132, 132, 2, 4, 'primary'),
(133, 133, 2, 5, 'retry_failover');
INSERT INTO wl_refunds (id, intent_id, kind, amount_minor, currency_code, status, created_at) VALUES
(1, 4, 'full', 14500, 'CNY', 'succeeded', '2025-01-10 09:00:00'),
(2, 12, 'full', 10000, 'CNY', 'succeeded', '2025-01-25 09:10:00'),
(3, 14, 'partial', 1400, 'CNY', 'succeeded', '2025-01-29 09:10:00'),
(4, 27, 'full', 17500, 'CNY', 'succeeded', '2025-02-24 09:10:00'),
(5, 29, 'partial', 3200, 'CNY', 'succeeded', '2025-02-28 09:00:00'),
(6, 34, 'full', 4200, 'CNY', 'succeeded', '2025-03-11 09:10:00'),
(7, 42, 'full', 3700, 'CNY', 'succeeded', '2025-03-26 09:00:00'),
(8, 44, 'partial', 7080, 'CNY', 'succeeded', '2025-03-30 09:00:00'),
(9, 57, 'full', 10200, 'CNY', 'succeeded', '2025-04-25 09:10:00'),
(10, 59, 'partial', 1400, 'CNY', 'succeeded', '2025-04-30 09:10:00'),
(11, 64, 'full', 12700, 'CNY', 'succeeded', '2025-05-10 09:00:00'),
(12, 72, 'full', 17900, 'CNY', 'succeeded', '2025-05-25 09:00:00'),
(13, 74, 'partial', 3280, 'CNY', 'succeeded', '2025-05-30 09:10:00'),
(14, 87, 'full', 3700, 'CNY', 'succeeded', '2025-06-24 09:00:00'),
(15, 89, 'partial', 7080, 'CNY', 'succeeded', '2025-06-29 09:00:00');
INSERT INTO wl_channel_callbacks (id, channel_id, attempt_id, external_event_id, event_type, occurred_at, received_at, processed_at) VALUES
(1, 1, 1, 'evt-stripe-000001', 'payment_processing', '2025-01-01 09:00:30', '2025-01-01 09:01:30', '2025-01-01 09:01:35'),
(2, 2, 2, 'evt-adyen-000002', 'payment_succeeded', '2025-01-02 09:00:30', '2025-01-02 09:01:30', '2025-01-02 09:01:35'),
(3, 3, 3, 'evt-alipay-000003', 'payment_failed', '2025-01-04 09:00:30', '2025-01-04 09:01:30', '2025-01-04 09:01:35'),
(4, 4, 4, 'evt-wechatpay-000004', 'payment_succeeded', '2025-01-04 09:10:30', '2025-01-04 09:11:30', '2025-01-04 09:11:35'),
(5, 5, 5, 'evt-kcp-000005', 'payment_succeeded', '2025-01-07 09:00:30', '2025-01-07 09:01:30', '2025-01-07 09:01:35'),
(6, 1, 6, 'evt-stripe-000006', 'payment_failed', '2025-01-08 09:00:30', '2025-01-08 09:01:30', '2025-01-08 09:01:35'),
(7, 2, 7, 'evt-adyen-000007', 'payment_succeeded', '2025-01-08 09:10:30', '2025-01-08 09:11:30', '2025-01-08 09:11:35'),
(8, 2, 8, 'evt-adyen-000008', 'payment_failed', '2025-01-10 09:00:30', '2025-01-10 09:01:30', '2025-01-10 09:01:35'),
(9, 3, 9, 'evt-alipay-000009', 'payment_succeeded', '2025-01-10 09:10:30', '2025-01-10 09:11:30', '2025-01-10 09:11:35'),
(10, 3, 9, 'evt-alipay-000009', 'payment_succeeded', '2025-01-10 09:10:30', '2025-01-10 09:14:30', '2025-01-10 09:14:35'),
(11, 4, 10, 'evt-wechatpay-000010', 'payment_failed', '2025-01-13 09:00:30', '2025-01-13 09:01:30', '2025-01-13 09:01:35'),
(12, 5, 11, 'evt-kcp-000011', 'payment_processing', '2025-01-13 09:10:30', '2025-01-13 15:10:30', '2025-01-13 15:10:35'),
(13, 5, 12, 'evt-kcp-000012', 'payment_succeeded', '2025-01-14 09:00:30', '2025-01-14 09:01:30', '2025-01-14 09:01:35'),
(14, 1, 13, 'evt-stripe-000013', 'payment_succeeded', '2025-01-16 09:00:30', '2025-01-16 09:01:30', '2025-01-16 09:01:35'),
(15, 3, 14, 'evt-alipay-000014', 'payment_succeeded', '2025-01-19 09:00:30', '2025-01-19 09:01:30', '2025-01-19 09:01:35'),
(16, 4, 15, 'evt-wechatpay-000015', 'payment_failed', '2025-01-20 09:00:30', '2025-01-20 09:01:30', '2025-01-20 09:01:35'),
(17, 5, 16, 'evt-kcp-000016', 'payment_succeeded', '2025-01-20 09:10:30', '2025-01-20 09:11:30', '2025-01-20 09:11:35'),
(18, 5, 17, 'evt-kcp-000017', 'payment_failed', '2025-01-22 09:00:30', '2025-01-22 09:01:30', '2025-01-22 09:01:35'),
(19, 1, 18, 'evt-stripe-000018', 'payment_succeeded', '2025-01-22 09:10:30', '2025-01-22 09:11:30', '2025-01-22 09:11:35'),
(20, 1, 18, 'evt-stripe-000018', 'payment_succeeded', '2025-01-22 09:10:30', '2025-01-22 09:14:30', '2025-01-22 09:14:35'),
(21, 2, 19, 'evt-adyen-000019', 'payment_processing', '2025-01-25 09:00:30', '2025-01-25 09:01:30', '2025-01-25 09:01:35'),
(22, 3, 20, 'evt-alipay-000020', 'payment_failed', '2025-01-26 09:00:30', '2025-01-26 09:01:30', '2025-01-26 09:01:35'),
(23, 4, 21, 'evt-wechatpay-000021', 'payment_succeeded', '2025-01-26 09:10:30', '2025-01-26 09:11:30', NULL),
(24, 4, 22, 'evt-wechatpay-000022', 'payment_succeeded', '2025-01-28 09:00:30', '2025-01-28 15:00:30', '2025-01-28 15:00:35'),
(25, 1, 23, 'evt-stripe-000023', 'payment_failed', '2025-01-31 09:00:30', '2025-01-31 09:01:30', '2025-01-31 09:01:35'),
(26, 2, 24, 'evt-adyen-000024', 'payment_failed', '2025-01-31 09:10:30', '2025-01-31 09:11:30', '2025-01-31 09:11:35'),
(27, 3, 25, 'evt-alipay-000025', 'payment_succeeded', '2025-01-31 09:20:30', '2025-01-31 09:21:30', '2025-01-31 09:21:35'),
(28, 2, 26, 'evt-adyen-000026', 'payment_succeeded', '2025-02-01 09:00:30', '2025-02-01 09:01:30', '2025-02-01 09:01:35'),
(29, 3, 27, 'evt-alipay-000027', 'payment_succeeded', '2025-02-03 09:00:30', '2025-02-03 09:01:30', '2025-02-03 09:01:35'),
(30, 3, 27, 'evt-alipay-000027', 'payment_succeeded', '2025-02-03 09:00:30', '2025-02-03 09:04:30', '2025-02-03 09:04:35'),
(31, 5, 28, 'evt-kcp-000028', 'payment_processing', '2025-02-06 09:00:30', '2025-02-06 09:01:30', '2025-02-06 09:01:35'),
(32, 1, 29, 'evt-stripe-000029', 'payment_succeeded', '2025-02-07 09:00:30', '2025-02-07 09:01:30', '2025-02-07 09:01:35'),
(33, 2, 30, 'evt-adyen-000030', 'payment_failed', '2025-02-09 09:00:30', '2025-02-09 09:01:30', '2025-02-09 09:01:35'),
(34, 3, 31, 'evt-alipay-000031', 'payment_succeeded', '2025-02-09 09:10:30', '2025-02-09 09:11:30', '2025-02-09 09:11:35'),
(35, 4, 32, 'evt-wechatpay-000032', 'payment_succeeded', '2025-02-12 09:00:30', '2025-02-12 09:01:30', '2025-02-12 09:01:35'),
(36, 5, 33, 'evt-kcp-000033', 'payment_failed', '2025-02-13 09:00:30', '2025-02-13 15:00:30', '2025-02-13 15:00:35'),
(37, 1, 34, 'evt-stripe-000034', 'payment_succeeded', '2025-02-13 09:10:30', '2025-02-13 09:11:30', '2025-02-13 09:11:35'),
(38, 1, 35, 'evt-stripe-000035', 'payment_succeeded', '2025-02-15 09:00:30', '2025-02-15 09:01:30', '2025-02-15 09:01:35'),
(39, 3, 36, 'evt-alipay-000036', 'payment_failed', '2025-02-18 09:00:30', '2025-02-18 09:01:30', '2025-02-18 09:01:35'),
(40, 3, 36, 'evt-alipay-000036', 'payment_failed', '2025-02-18 09:00:30', '2025-02-18 09:04:30', '2025-02-18 09:04:35'),
(41, 4, 37, 'evt-wechatpay-000037', 'payment_processing', '2025-02-18 09:10:30', '2025-02-18 09:11:30', '2025-02-18 09:11:35'),
(42, 4, 38, 'evt-wechatpay-000038', 'payment_succeeded', '2025-02-19 09:00:30', '2025-02-19 09:01:30', '2025-02-19 09:01:35'),
(43, 5, 39, 'evt-kcp-000039', 'payment_failed', '2025-02-21 09:00:30', '2025-02-21 09:01:30', '2025-02-21 09:01:35'),
(44, 1, 40, 'evt-stripe-000040', 'payment_succeeded', '2025-02-21 09:10:30', '2025-02-21 09:11:30', '2025-02-21 09:11:35'),
(45, 2, 41, 'evt-adyen-000041', 'payment_succeeded', '2025-02-24 09:00:30', '2025-02-24 09:01:30', '2025-02-24 09:01:35'),
(46, 3, 42, 'evt-alipay-000042', 'payment_succeeded', '2025-02-25 09:00:30', '2025-02-25 09:01:30', NULL),
(47, 4, 43, 'evt-wechatpay-000043', 'payment_failed', '2025-02-27 09:00:30', '2025-02-27 09:01:30', '2025-02-27 09:01:35'),
(48, 5, 44, 'evt-kcp-000044', 'payment_succeeded', '2025-02-27 09:10:30', '2025-02-27 15:10:30', '2025-02-27 15:10:35'),
(49, 1, 45, 'evt-stripe-000045', 'payment_processing', '2025-03-02 09:00:30', '2025-03-02 09:01:30', '2025-03-02 09:01:35'),
(50, 1, 45, 'evt-stripe-000045', 'payment_processing', '2025-03-02 09:00:30', '2025-03-02 09:04:30', '2025-03-02 09:04:35'),
(51, 2, 46, 'evt-adyen-000046', 'payment_failed', '2025-03-03 09:00:30', '2025-03-03 09:01:30', '2025-03-03 09:01:35'),
(52, 3, 47, 'evt-alipay-000047', 'payment_failed', '2025-03-03 09:10:30', '2025-03-03 09:11:30', '2025-03-03 09:11:35'),
(53, 4, 48, 'evt-wechatpay-000048', 'payment_succeeded', '2025-03-03 09:20:30', '2025-03-03 09:21:30', '2025-03-03 09:21:35'),
(54, 3, 49, 'evt-alipay-000049', 'payment_succeeded', '2025-03-05 09:00:30', '2025-03-05 09:01:30', '2025-03-05 09:01:35'),
(55, 5, 50, 'evt-kcp-000050', 'payment_failed', '2025-03-08 09:00:30', '2025-03-08 09:01:30', '2025-03-08 09:01:35'),
(56, 1, 51, 'evt-stripe-000051', 'payment_succeeded', '2025-03-08 09:10:30', '2025-03-08 09:11:30', '2025-03-08 09:11:35'),
(57, 1, 52, 'evt-stripe-000052', 'payment_succeeded', '2025-03-09 09:00:30', '2025-03-09 09:01:30', '2025-03-09 09:01:35'),
(58, 2, 53, 'evt-adyen-000053', 'payment_succeeded', '2025-03-11 09:00:30', '2025-03-11 09:01:30', '2025-03-11 09:01:35'),
(59, 4, 54, 'evt-wechatpay-000054', 'payment_failed', '2025-03-14 09:00:30', '2025-03-14 09:01:30', '2025-03-14 09:01:35'),
(60, 4, 54, 'evt-wechatpay-000054', 'payment_failed', '2025-03-14 09:00:30', '2025-03-14 09:04:30', '2025-03-14 09:04:35'),
(61, 5, 55, 'evt-kcp-000055', 'payment_processing', '2025-03-14 09:10:30', '2025-03-14 15:10:30', '2025-03-14 15:10:35'),
(62, 5, 56, 'evt-kcp-000056', 'payment_succeeded', '2025-03-15 09:00:30', '2025-03-15 09:01:30', '2025-03-15 09:01:35'),
(63, 1, 57, 'evt-stripe-000057', 'payment_failed', '2025-03-17 09:00:30', '2025-03-17 09:01:30', '2025-03-17 09:01:35'),
(64, 2, 58, 'evt-adyen-000058', 'payment_succeeded', '2025-03-17 09:10:30', '2025-03-17 09:11:30', '2025-03-17 09:11:35'),
(65, 3, 59, 'evt-alipay-000059', 'payment_succeeded', '2025-03-20 09:00:30', '2025-03-20 09:01:30', '2025-03-20 09:01:35'),
(66, 4, 60, 'evt-wechatpay-000060', 'payment_failed', '2025-03-21 09:00:30', '2025-03-21 09:01:30', '2025-03-21 09:01:35'),
(67, 5, 61, 'evt-kcp-000061', 'payment_succeeded', '2025-03-21 09:10:30', '2025-03-21 09:11:30', '2025-03-21 09:11:35'),
(68, 5, 62, 'evt-kcp-000062', 'payment_succeeded', '2025-03-23 09:00:30', '2025-03-23 09:01:30', '2025-03-23 09:01:35'),
(69, 2, 63, 'evt-adyen-000063', 'payment_failed', '2025-03-26 09:00:30', '2025-03-26 09:01:30', NULL),
(70, 2, 63, 'evt-adyen-000063', 'payment_failed', '2025-03-26 09:00:30', '2025-03-26 09:04:30', '2025-03-26 09:04:35'),
(71, 3, 64, 'evt-alipay-000064', 'payment_processing', '2025-03-26 09:10:30', '2025-03-26 09:11:30', '2025-03-26 09:11:35'),
(72, 3, 65, 'evt-alipay-000065', 'payment_succeeded', '2025-03-27 09:00:30', '2025-03-27 09:01:30', '2025-03-27 09:01:35'),
(73, 4, 66, 'evt-wechatpay-000066', 'payment_succeeded', '2025-03-29 09:00:30', '2025-03-29 15:00:30', '2025-03-29 15:00:35'),
(74, 1, 67, 'evt-stripe-000067', 'payment_succeeded', '2025-04-01 09:00:30', '2025-04-01 09:01:30', '2025-04-01 09:01:35'),
(75, 2, 68, 'evt-adyen-000068', 'payment_succeeded', '2025-04-03 09:00:30', '2025-04-03 09:01:30', '2025-04-03 09:01:35'),
(76, 3, 69, 'evt-alipay-000069', 'payment_failed', '2025-04-04 09:00:30', '2025-04-04 09:01:30', '2025-04-04 09:01:35'),
(77, 4, 70, 'evt-wechatpay-000070', 'payment_failed', '2025-04-04 09:10:30', '2025-04-04 09:11:30', '2025-04-04 09:11:35'),
(78, 5, 71, 'evt-kcp-000071', 'payment_succeeded', '2025-04-04 09:20:30', '2025-04-04 09:21:30', '2025-04-04 09:21:35'),
(79, 5, 72, 'evt-kcp-000072', 'payment_processing', '2025-04-07 09:00:30', '2025-04-07 09:01:30', '2025-04-07 09:01:35'),
(80, 5, 72, 'evt-kcp-000072', 'payment_processing', '2025-04-07 09:00:30', '2025-04-07 09:04:30', '2025-04-07 09:04:35'),
(81, 1, 73, 'evt-stripe-000073', 'payment_failed', '2025-04-09 09:00:30', '2025-04-09 09:01:30', '2025-04-09 09:01:35'),
(82, 2, 74, 'evt-adyen-000074', 'payment_succeeded', '2025-04-09 09:10:30', '2025-04-09 09:11:30', '2025-04-09 09:11:35'),
(83, 2, 75, 'evt-adyen-000075', 'payment_succeeded', '2025-04-10 09:00:30', '2025-04-10 09:01:30', '2025-04-10 09:01:35'),
(84, 4, 76, 'evt-wechatpay-000076', 'payment_failed', '2025-04-13 09:00:30', '2025-04-13 09:01:30', '2025-04-13 09:01:35'),
(85, 5, 77, 'evt-kcp-000077', 'payment_succeeded', '2025-04-13 09:10:30', '2025-04-13 15:10:30', '2025-04-13 15:10:35'),
(86, 5, 78, 'evt-kcp-000078', 'payment_failed', '2025-04-15 09:00:30', '2025-04-15 09:01:30', '2025-04-15 09:01:35'),
(87, 1, 79, 'evt-stripe-000079', 'payment_succeeded', '2025-04-15 09:10:30', '2025-04-15 09:11:30', '2025-04-15 09:11:35'),
(88, 1, 80, 'evt-stripe-000080', 'payment_succeeded', '2025-04-16 09:00:30', '2025-04-16 09:01:30', '2025-04-16 09:01:35'),
(89, 3, 81, 'evt-alipay-000081', 'payment_processing', '2025-04-19 09:00:30', '2025-04-19 09:01:30', '2025-04-19 09:01:35'),
(90, 3, 81, 'evt-alipay-000081', 'payment_processing', '2025-04-19 09:00:30', '2025-04-19 09:04:30', '2025-04-19 09:04:35'),
(91, 4, 82, 'evt-wechatpay-000082', 'payment_succeeded', '2025-04-21 09:00:30', '2025-04-21 09:01:30', '2025-04-21 09:01:35'),
(92, 5, 83, 'evt-kcp-000083', 'payment_failed', '2025-04-22 09:00:30', '2025-04-22 09:01:30', NULL),
(93, 1, 84, 'evt-stripe-000084', 'payment_succeeded', '2025-04-22 09:10:30', '2025-04-22 09:11:30', '2025-04-22 09:11:35'),
(94, 2, 85, 'evt-adyen-000085', 'payment_failed', '2025-04-25 09:00:30', '2025-04-25 09:01:30', '2025-04-25 09:01:35'),
(95, 3, 86, 'evt-alipay-000086', 'payment_succeeded', '2025-04-25 09:10:30', '2025-04-25 09:11:30', '2025-04-25 09:11:35'),
(96, 3, 87, 'evt-alipay-000087', 'payment_failed', '2025-04-27 09:00:30', '2025-04-27 09:01:30', '2025-04-27 09:01:35'),
(97, 4, 88, 'evt-wechatpay-000088', 'payment_succeeded', '2025-04-27 09:10:30', '2025-04-27 15:10:30', '2025-04-27 15:10:35'),
(98, 4, 89, 'evt-wechatpay-000089', 'payment_succeeded', '2025-04-28 09:00:30', '2025-04-28 09:01:30', '2025-04-28 09:01:35'),
(99, 1, 90, 'evt-stripe-000090', 'payment_failed', '2025-05-01 09:00:30', '2025-05-01 09:01:30', '2025-05-01 09:01:35'),
(100, 1, 90, 'evt-stripe-000090', 'payment_failed', '2025-05-01 09:00:30', '2025-05-01 09:04:30', '2025-05-01 09:04:35');
INSERT INTO wl_channel_callbacks (id, channel_id, attempt_id, external_event_id, event_type, occurred_at, received_at, processed_at) VALUES
(101, 2, 91, 'evt-adyen-000091', 'payment_processing', '2025-05-01 09:10:30', '2025-05-01 09:11:30', '2025-05-01 09:11:35'),
(102, 2, 92, 'evt-adyen-000092', 'payment_succeeded', '2025-05-03 09:00:30', '2025-05-03 09:01:30', '2025-05-03 09:01:35'),
(103, 3, 93, 'evt-alipay-000093', 'payment_succeeded', '2025-05-04 09:00:30', '2025-05-04 09:01:30', '2025-05-04 09:01:35'),
(104, 5, 94, 'evt-kcp-000094', 'payment_succeeded', '2025-05-07 09:00:30', '2025-05-07 09:01:30', '2025-05-07 09:01:35'),
(105, 1, 95, 'evt-stripe-000095', 'payment_succeeded', '2025-05-09 09:00:30', '2025-05-09 09:01:30', '2025-05-09 09:01:35'),
(106, 2, 96, 'evt-adyen-000096', 'payment_failed', '2025-05-10 09:00:30', '2025-05-10 09:01:30', '2025-05-10 09:01:35'),
(107, 3, 97, 'evt-alipay-000097', 'payment_succeeded', '2025-05-10 09:10:30', '2025-05-10 09:11:30', '2025-05-10 09:11:35'),
(108, 4, 98, 'evt-wechatpay-000098', 'payment_processing', '2025-05-13 09:00:30', '2025-05-13 09:01:30', '2025-05-13 09:01:35'),
(109, 5, 99, 'evt-kcp-000099', 'payment_failed', '2025-05-15 09:00:30', '2025-05-15 15:00:30', '2025-05-15 15:00:35'),
(110, 5, 99, 'evt-kcp-000099', 'payment_failed', '2025-05-15 09:00:30', '2025-05-15 15:00:30', '2025-05-15 15:00:35'),
(111, 1, 100, 'evt-stripe-000100', 'payment_succeeded', '2025-05-15 09:10:30', '2025-05-15 09:11:30', '2025-05-15 09:11:35'),
(112, 1, 101, 'evt-stripe-000101', 'payment_failed', '2025-05-16 09:00:30', '2025-05-16 09:01:30', '2025-05-16 09:01:35'),
(113, 2, 102, 'evt-adyen-000102', 'payment_succeeded', '2025-05-16 09:10:30', '2025-05-16 09:11:30', '2025-05-16 09:11:35'),
(114, 3, 103, 'evt-alipay-000103', 'payment_failed', '2025-05-19 09:00:30', '2025-05-19 09:01:30', '2025-05-19 09:01:35'),
(115, 4, 104, 'evt-wechatpay-000104', 'payment_succeeded', '2025-05-19 09:10:30', '2025-05-19 09:11:30', NULL),
(116, 4, 105, 'evt-wechatpay-000105', 'payment_succeeded', '2025-05-21 09:00:30', '2025-05-21 09:01:30', '2025-05-21 09:01:35'),
(117, 5, 106, 'evt-kcp-000106', 'payment_succeeded', '2025-05-22 09:00:30', '2025-05-22 09:01:30', '2025-05-22 09:01:35'),
(118, 2, 107, 'evt-adyen-000107', 'payment_processing', '2025-05-25 09:00:30', '2025-05-25 09:01:30', '2025-05-25 09:01:35'),
(119, 3, 108, 'evt-alipay-000108', 'payment_failed', '2025-05-27 09:00:30', '2025-05-27 09:01:30', '2025-05-27 09:01:35'),
(120, 3, 108, 'evt-alipay-000108', 'payment_failed', '2025-05-27 09:00:30', '2025-05-27 09:04:30', '2025-05-27 09:04:35'),
(121, 4, 109, 'evt-wechatpay-000109', 'payment_succeeded', '2025-05-27 09:10:30', '2025-05-27 09:11:30', '2025-05-27 09:11:35'),
(122, 4, 110, 'evt-wechatpay-000110', 'payment_failed', '2025-05-28 09:00:30', '2025-05-28 15:00:30', '2025-05-28 15:00:35'),
(123, 5, 111, 'evt-kcp-000111', 'payment_succeeded', '2025-05-28 09:10:30', '2025-05-28 09:11:30', '2025-05-28 09:11:35'),
(124, 1, 112, 'evt-stripe-000112', 'payment_succeeded', '2025-05-31 09:00:30', '2025-05-31 09:01:30', '2025-05-31 09:01:35'),
(125, 2, 113, 'evt-adyen-000113', 'payment_failed', '2025-06-02 09:00:30', '2025-06-02 09:01:30', '2025-06-02 09:01:35'),
(126, 3, 114, 'evt-alipay-000114', 'payment_succeeded', '2025-06-02 09:10:30', '2025-06-02 09:11:30', '2025-06-02 09:11:35'),
(127, 3, 115, 'evt-alipay-000115', 'payment_succeeded', '2025-06-03 09:00:30', '2025-06-03 09:01:30', '2025-06-03 09:01:35'),
(128, 5, 116, 'evt-kcp-000116', 'payment_failed', '2025-06-06 09:00:30', '2025-06-06 09:01:30', '2025-06-06 09:01:35'),
(129, 1, 117, 'evt-stripe-000117', 'payment_failed', '2025-06-06 09:10:30', '2025-06-06 09:11:30', '2025-06-06 09:11:35'),
(130, 1, 117, 'evt-stripe-000117', 'payment_failed', '2025-06-06 09:10:30', '2025-06-06 09:14:30', '2025-06-06 09:14:35'),
(131, 2, 118, 'evt-adyen-000118', 'payment_processing', '2025-06-06 09:20:30', '2025-06-06 09:21:30', '2025-06-06 09:21:35'),
(132, 1, 119, 'evt-stripe-000119', 'payment_succeeded', '2025-06-08 09:00:30', '2025-06-08 09:01:30', '2025-06-08 09:01:35'),
(133, 2, 120, 'evt-adyen-000120', 'payment_succeeded', '2025-06-09 09:00:30', '2025-06-09 09:01:30', '2025-06-09 09:01:35'),
(134, 4, 121, 'evt-wechatpay-000121', 'payment_succeeded', '2025-06-12 09:00:30', '2025-06-12 15:00:30', '2025-06-12 15:00:35'),
(135, 5, 122, 'evt-kcp-000122', 'payment_succeeded', '2025-06-14 09:00:30', '2025-06-14 09:01:30', '2025-06-14 09:01:35'),
(136, 1, 123, 'evt-stripe-000123', 'payment_failed', '2025-06-15 09:00:30', '2025-06-15 09:01:30', '2025-06-15 09:01:35'),
(137, 2, 124, 'evt-adyen-000124', 'payment_succeeded', '2025-06-15 09:10:30', '2025-06-15 09:11:30', '2025-06-15 09:11:35'),
(138, 3, 125, 'evt-alipay-000125', 'payment_processing', '2025-06-18 09:00:30', '2025-06-18 09:01:30', NULL),
(139, 4, 126, 'evt-wechatpay-000126', 'payment_failed', '2025-06-20 09:00:30', '2025-06-20 09:01:30', '2025-06-20 09:01:35'),
(140, 4, 126, 'evt-wechatpay-000126', 'payment_failed', '2025-06-20 09:00:30', '2025-06-20 09:04:30', '2025-06-20 09:04:35'),
(141, 5, 127, 'evt-kcp-000127', 'payment_succeeded', '2025-06-20 09:10:30', '2025-06-20 09:11:30', '2025-06-20 09:11:35'),
(142, 5, 128, 'evt-kcp-000128', 'payment_succeeded', '2025-06-21 09:00:30', '2025-06-21 09:01:30', '2025-06-21 09:01:35'),
(143, 2, 129, 'evt-adyen-000129', 'payment_failed', '2025-06-24 09:00:30', '2025-06-24 09:01:30', '2025-06-24 09:01:35'),
(144, 3, 130, 'evt-alipay-000130', 'payment_succeeded', '2025-06-24 09:10:30', '2025-06-24 09:11:30', '2025-06-24 09:11:35'),
(145, 3, 131, 'evt-alipay-000131', 'payment_succeeded', '2025-06-26 09:00:30', '2025-06-26 09:01:30', '2025-06-26 09:01:35'),
(146, 4, 132, 'evt-wechatpay-000132', 'payment_failed', '2025-06-27 09:00:30', '2025-06-27 15:00:30', '2025-06-27 15:00:35'),
(147, 5, 133, 'evt-kcp-000133', 'payment_succeeded', '2025-06-27 09:10:30', '2025-06-27 09:11:30', '2025-06-27 09:11:35');
