-- Generated by fixtures/v4/generator (seed=1 scale=1). Do not edit;
-- run `make fixtures-v4` to regenerate.
INSERT INTO wl_agencies (id, name) VALUES
(1, 'Agency 1'),
(2, 'Agency 2'),
(3, 'Agency 3');
INSERT INTO wl_creators (id, display_name, agency_id, signed_at) VALUES
(1, 'Creator 1', 1, '2025-01-02'),
(2, 'Creator 2', 2, '2025-01-03'),
(3, 'Creator 3', NULL, NULL),
(4, 'Creator 4', 1, '2025-01-05'),
(5, 'Creator 5', 2, '2025-01-06'),
(6, 'Creator 6', NULL, NULL),
(7, 'Creator 7', 1, '2025-01-08'),
(8, 'Creator 8', 2, '2025-01-09');
INSERT INTO wl_live_rooms (id, creator_id, title) VALUES
(1, 1, 'Room 1'),
(2, 2, 'Room 2'),
(3, 3, 'Room 3'),
(4, 4, 'Room 4'),
(5, 5, 'Room 5'),
(6, 6, 'Room 6'),
(7, 7, 'Room 7'),
(8, 8, 'Room 8');
INSERT INTO wl_live_sessions (id, room_id, started_at, ended_at) VALUES
(1, 1, '2025-01-01 19:00:00', '2025-01-01 22:00:00'),
(2, 2, '2025-01-05 19:00:00', '2025-01-05 22:00:00'),
(3, 3, '2025-01-10 19:00:00', '2025-01-10 22:00:00'),
(4, 4, '2025-01-14 19:00:00', '2025-01-14 22:00:00'),
(5, 5, '2025-01-19 19:00:00', '2025-01-19 22:00:00'),
(6, 6, '2025-01-23 19:00:00', '2025-01-23 22:00:00'),
(7, 7, '2025-01-28 19:00:00', '2025-01-28 22:00:00'),
(8, 8, '2025-02-01 19:00:00', '2025-02-01 22:00:00'),
(9, 1, '2025-02-06 19:00:00', '2025-02-06 22:00:00'),
(10, 2, '2025-02-10 19:00:00', '2025-02-10 22:00:00'),
(11, 3, '2025-02-15 19:00:00', '2025-02-15 22:00:00'),
(12, 4, '2025-02-19 19:00:00', '2025-02-19 22:00:00'),
(13, 5, '2025-02-24 19:00:00', '2025-02-24 22:00:00'),
(14, 6, '2025-02-28 19:00:00', '2025-02-28 22:00:00'),
(15, 7, '2025-03-05 19:00:00', '2025-03-05 22:00:00'),
(16, 8, '2025-03-09 19:00:00', '2025-03-09 22:00:00'),
(17, 1, '2025-03-14 19:00:00', '2025-03-14 22:00:00'),
(18, 2, '2025-03-18 19:00:00', '2025-03-18 22:00:00'),
(19, 3, '2025-03-23 19:00:00', '2025-03-23 22:00:00'),
(20, 4, '2025-03-27 19:00:00', '2025-03-27 22:00:00'),
(21, 5, '2025-04-01 19:00:00', '2025-04-01 22:00:00'),
(22, 6, '2025-04-05 19:00:00', '2025-04-05 22:00:00'),
(23, 7, '2025-04-10 19:00:00', '2025-04-10 22:00:00'),
(24, 8, '2025-04-14 19:00:00', '2025-04-14 22:00:00'),
(25, 1, '2025-04-19 19:00:00', '2025-04-19 22:00:00'),
(26, 2, '2025-04-23 19:00:00', '2025-04-23 22:00:00'),
(27, 3, '2025-04-28 19:00:00', '2025-04-28 22:00:00'),
(28, 4, '2025-05-02 19:00:00', '2025-05-02 22:00:00'),
(29, 5, '2025-05-07 19:00:00', '2025-05-07 22:00:00'),
(30, 6, '2025-05-11 19:00:00', '2025-05-11 22:00:00'),
(31, 7, '2025-05-16 19:00:00', '2025-05-16 22:00:00'),
(32, 8, '2025-05-20 19:00:00', '2025-05-20 22:00:00'),
(33, 1, '2025-05-25 19:00:00', '2025-05-25 22:00:00'),
(34, 2, '2025-05-29 19:00:00', '2025-05-29 22:00:00'),
(35, 3, '2025-06-03 19:00:00', '2025-06-03 22:00:00'),
(36, 4, '2025-06-07 19:00:00', '2025-06-07 22:00:00'),
(37, 5, '2025-06-12 19:00:00', '2025-06-12 22:00:00'),
(38, 6, '2025-06-16 19:00:00', '2025-06-16 22:00:00'),
(39, 7, '2025-06-21 19:00:00', '2025-06-21 22:00:00'),
(40, 8, '2025-06-25 19:00:00', '2025-06-25 22:00:00');
INSERT INTO wl_gift_definitions (id, name) VALUES
(1, 'Rose'),
(2, 'Rocket'),
(3, 'Castle'),
(4, 'Dragon'),
(5, 'Galaxy');
INSERT INTO wl_gift_price_versions (id, gift_id, price_stars, valid_from, valid_to) VALUES
(1, 1, 10, '2025-01-01', '2025-04-01'),
(2, 1, 15, '2025-04-01', NULL),
(3, 2, 20, '2025-01-01', NULL),
(4, 3, 30, '2025-01-01', NULL),
(5, 4, 40, '2025-01-01', NULL),
(6, 5, 50, '2025-01-01', NULL);
INSERT INTO wl_revenue_share_rule_versions (id, creator_bps, agency_bps, valid_from, valid_to) VALUES
(1, 5000, 1000, '2025-01-01', '2025-04-01'),
(2, 5500, 1000, '2025-04-01', NULL);
INSERT INTO wl_gift_events (id, session_id, creator_id, gift_id, quantity, total_stars, status, dedup_of, occurred_at) VALUES
(1, 1, 1, 1, 2, 20, 'processed', NULL, '2025-01-01 20:03:00'),
(2, 2, 2, 2, 3, 60, 'processed', NULL, '2025-01-02 20:06:00'),
(3, 3, 3, 3, 1, 30, 'processed', NULL, '2025-01-03 20:09:00'),
(4, 4, 4, 4, 2, 80, 'processed', NULL, '2025-01-04 20:12:00'),
(5, 5, 5, 5, 3, 150, 'processed', NULL, '2025-01-05 20:15:00'),
(6, 6, 6, 1, 1, 0, 'charge_failed', NULL, '2025-01-07 20:18:00'),
(7, 7, 7, 2, 2, 40, 'processed', NULL, '2025-01-08 20:21:00'),
(8, 8, 8, 3, 3, 90, 'processed', NULL, '2025-01-09 20:24:00'),
(9, 9, 1, 4, 1, 40, 'processed', NULL, '2025-01-10 20:27:00'),
(10, 10, 2, 5, 2, 100, 'processed', NULL, '2025-01-11 20:30:00'),
(11, 11, 3, 1, 3, 30, 'processed', NULL, '2025-01-13 20:33:00'),
(12, 12, 4, 2, 1, 20, 'processed', NULL, '2025-01-14 20:36:00'),
(13, 13, 5, 3, 2, 60, 'reversed', NULL, '2025-01-15 20:39:00'),
(14, 14, 6, 4, 3, 120, 'processed', NULL, '2025-01-16 20:42:00'),
(15, 15, 7, 5, 1, 50, 'processed', NULL, '2025-01-17 20:45:00'),
(16, 16, 8, 1, 2, 20, 'processed', NULL, '2025-01-19 20:48:00'),
(17, 17, 1, 2, 3, 60, 'processed', NULL, '2025-01-20 20:51:00'),
(18, 18, 2, 3, 1, 30, 'processed', NULL, '2025-01-21 20:54:00'),
(19, 19, 3, 4, 2, 80, 'processed', NULL, '2025-01-22 20:57:00'),
(20, 20, 4, 5, 3, 150, 'processed', NULL, '2025-01-23 20:00:00'),
(21, 21, 5, 1, 1, 10, 'processed', NULL, '2025-01-25 20:03:00'),
(22, 22, 6, 2, 2, 40, 'processed', NULL, '2025-01-26 20:06:00'),
(23, 23, 7, 3, 3, 90, 'processed', NULL, '2025-01-27 20:09:00'),
(24, 24, 8, 4, 1, 40, 'processed', NULL, '2025-01-28 20:12:00'),
(25, 25, 1, 5, 2, 100, 'processed', NULL, '2025-01-29 20:15:00'),
(26, 26, 2, 1, 3, 0, 'charge_failed', NULL, '2025-01-31 20:18:00'),
(27, 27, 3, 2, 1, 20, 'processed', NULL, '2025-02-01 20:21:00'),
(28, 28, 4, 3, 2, 60, 'processed', NULL, '2025-02-02 20:24:00'),
(29, 29, 5, 4, 3, 120, 'processed', NULL, '2025-02-03 20:27:00'),
(30, 30, 6, 5, 1, 50, 'processed', NULL, '2025-02-04 20:30:00'),
(31, 31, 7, 1, 2, 20, 'processed', NULL, '2025-02-06 20:33:00'),
(32, 31, 7, 1, 2, 0, 'duplicate', 31, '2025-02-06 20:33:00'),
(33, 32, 8, 2, 3, 60, 'processed', NULL, '2025-02-07 20:36:00'),
(34, 33, 1, 3, 1, 30, 'reversed', NULL, '2025-02-08 20:39:00'),
(35, 34, 2, 4, 2, 80, 'processed', NULL, '2025-02-09 20:42:00'),
(36, 35, 3, 5, 3, 150, 'processed', NULL, '2025-02-10 20:45:00'),
(37, 36, 4, 1, 1, 10, 'processed', NULL, '2025-02-12 20:48:00'),
(38, 37, 5, 2, 2, 40, 'processed', NULL, '2025-02-13 20:51:00'),
(39, 38, 6, 3, 3, 90, 'processed', NULL, '2025-02-14 20:54:00'),
(40, 39, 7, 4, 1, 40, 'processed', NULL, '2025-02-15 20:57:00'),
(41, 40, 8, 5, 2, 100, 'processed', NULL, '2025-02-16 20:00:00'),
(42, 1, 1, 1, 3, 30, 'processed', NULL, '2025-02-18 20:03:00'),
(43, 2, 2, 2, 1, 20, 'processed', NULL, '2025-02-19 20:06:00'),
(44, 3, 3, 3, 2, 60, 'processed', NULL, '2025-02-20 20:09:00'),
(45, 4, 4, 4, 3, 120, 'processed', NULL, '2025-02-21 20:12:00'),
(46, 5, 5, 5, 1, 50, 'processed', NULL, '2025-02-22 20:15:00'),
(47, 6, 6, 1, 2, 0, 'charge_failed', NULL, '2025-02-24 20:18:00'),
(48, 7, 7, 2, 3, 60, 'processed', NULL, '2025-02-25 20:21:00'),
(49, 8, 8, 3, 1, 30, 'processed', NULL, '2025-02-26 20:24:00'),
(50, 9, 1, 4, 2, 80, 'processed', NULL, '2025-02-27 20:27:00'),
(51, 10, 2, 5, 3, 150, 'processed', NULL, '2025-02-28 20:30:00'),
(52, 11, 3, 1, 1, 10, 'processed', NULL, '2025-03-02 20:33:00'),
(53, 12, 4, 2, 2, 40, 'processed', NULL, '2025-03-03 20:36:00'),
(54, 13, 5, 3, 3, 90, 'reversed', NULL, '2025-03-04 20:39:00'),
(55, 14, 6, 4, 1, 40, 'processed', NULL, '2025-03-05 20:42:00'),
(56, 15, 7, 5, 2, 100, 'processed', NULL, '2025-03-06 20:45:00'),
(57, 16, 8, 1, 3, 30, 'processed', NULL, '2025-03-08 20:48:00'),
(58, 17, 1, 2, 1, 20, 'processed', NULL, '2025-03-09 20:51:00'),
(59, 18, 2, 3, 2, 60, 'processed', NULL, '2025-03-10 20:54:00'),
(60, 19, 3, 4, 3, 120, 'processed', NULL, '2025-03-11 20:57:00'),
(61, 20, 4, 5, 1, 50, 'processed', NULL, '2025-03-12 20:00:00'),
(62, 21, 5, 1, 2, 20, 'processed', NULL, '2025-03-14 20:03:00'),
(63, 22, 6, 2, 3, 60, 'processed', NULL, '2025-03-15 20:06:00'),
(64, 22, 6, 2, 3, 0, 'duplicate', 63, '2025-03-15 20:06:00'),
(65, 23, 7, 3, 1, 30, 'processed', NULL, '2025-03-16 20:09:00'),
(66, 24, 8, 4, 2, 80, 'processed', NULL, '2025-03-17 20:12:00'),
(67, 25, 1, 5, 3, 150, 'processed', NULL, '2025-03-18 20:15:00'),
(68, 26, 2, 1, 1, 0, 'charge_failed', NULL, '2025-03-20 20:18:00'),
(69, 27, 3, 2, 2, 40, 'processed', NULL, '2025-03-21 20:21:00'),
(70, 28, 4, 3, 3, 90, 'processed', NULL, '2025-03-22 20:24:00'),
(71, 29, 5, 4, 1, 40, 'processed', NULL, '2025-03-23 20:27:00'),
(72, 30, 6, 5, 2, 100, 'processed', NULL, '2025-03-24 20:30:00'),
(73, 31, 7, 1, 3, 30, 'processed', NULL, '2025-03-26 20:33:00'),
(74, 32, 8, 2, 1, 20, 'processed', NULL, '2025-03-27 20:36:00'),
(75, 33, 1, 3, 2, 60, 'reversed', NULL, '2025-03-28 20:39:00'),
(76, 34, 2, 4, 3, 120, 'processed', NULL, '2025-03-29 20:42:00'),
(77, 35, 3, 5, 1, 50, 'processed', NULL, '2025-03-30 20:45:00'),
(78, 36, 4, 1, 2, 30, 'processed', NULL, '2025-04-01 20:48:00'),
(79, 37, 5, 2, 3, 60, 'processed', NULL, '2025-04-02 20:51:00'),
(80, 38, 6, 3, 1, 30, 'processed', NULL, '2025-04-03 20:54:00'),
(81, 39, 7, 4, 2, 80, 'processed', NULL, '2025-04-04 20:57:00'),
(82, 40, 8, 5, 3, 150, 'processed', NULL, '2025-04-05 20:00:00'),
(83, 1, 1, 1, 1, 15, 'processed', NULL, '2025-04-07 20:03:00'),
(84, 2, 2, 2, 2, 40, 'processed', NULL, '2025-04-08 20:06:00'),
(85, 3, 3, 3, 3, 90, 'processed', NULL, '2025-04-09 20:09:00'),
(86, 4, 4, 4, 1, 40, 'processed', NULL, '2025-04-10 20:12:00'),
(87, 5, 5, 5, 2, 100, 'processed', NULL, '2025-04-11 20:15:00'),
(88, 6, 6, 1, 3, 0, 'charge_failed', NULL, '2025-04-13 20:18:00'),
(89, 7, 7, 2, 1, 20, 'processed', NULL, '2025-04-14 20:21:00'),
(90, 8, 8, 3, 2, 60, 'processed', NULL, '2025-04-15 20:24:00'),
(91, 9, 1, 4, 3, 120, 'processed', NULL, '2025-04-16 20:27:00'),
(92, 10, 2, 5, 1, 50, 'processed', NULL, '2025-04-17 20:30:00'),
(93, 11, 3, 1, 2, 30, 'processed', NULL, '2025-04-19 20:33:00'),
(94, 12, 4, 2, 3, 60, 'processed', NULL, '2025-04-20 20:36:00'),
(95, 13, 5, 3, 1, 30, 'reversed', NULL, '2025-04-21 20:39:00'),
(96, 13, 5, 3, 1, 0, 'duplicate', 95, '2025-04-21 20:39:00'),
(97, 14, 6, 4, 2, 80, 'processed', NULL, '2025-04-22 20:42:00'),
(98, 15, 7, 5, 3, 150, 'processed', NULL, '2025-04-23 20:45:00'),
(99, 16, 8, 1, 1, 15, 'processed', NULL, '2025-04-25 20:48:00'),
(100, 17, 1, 2, 2, 40, 'processed', NULL, '2025-04-26 20:51:00');
INSERT INTO wl_gift_events (id, session_id, creator_id, gift_id, quantity, total_stars, status, dedup_of, occurred_at) VALUES
(101, 18, 2, 3, 3, 90, 'processed', NULL, '2025-04-27 20:54:00'),
(102, 19, 3, 4, 1, 40, 'processed', NULL, '2025-04-28 20:57:00'),
(103, 20, 4, 5, 2, 100, 'processed', NULL, '2025-04-29 20:00:00'),
(104, 21, 5, 1, 3, 45, 'processed', NULL, '2025-05-01 20:03:00'),
(105, 22, 6, 2, 1, 20, 'processed', NULL, '2025-05-02 20:06:00'),
(106, 23, 7, 3, 2, 60, 'processed', NULL, '2025-05-03 20:09:00'),
(107, 24, 8, 4, 3, 120, 'processed', NULL, '2025-05-04 20:12:00'),
(108, 25, 1, 5, 1, 50, 'processed', NULL, '2025-05-05 20:15:00'),
(109, 26, 2, 1, 2, 0, 'charge_failed', NULL, '2025-05-07 20:18:00'),
(110, 27, 3, 2, 3, 60, 'processed', NULL, '2025-05-08 20:21:00'),
(111, 28, 4, 3, 1, 30, 'processed', NULL, '2025-05-09 20:24:00'),
(112, 29, 5, 4, 2, 80, 'processed', NULL, '2025-05-10 20:27:00'),
(113, 30, 6, 5, 3, 150, 'processed', NULL, '2025-05-11 20:30:00'),
(114, 31, 7, 1, 1, 15, 'processed', NULL, '2025-05-13 20:33:00'),
(115, 32, 8, 2, 2, 40, 'processed', NULL, '2025-05-14 20:36:00'),
(116, 33, 1, 3, 3, 90, 'reversed', NULL, '2025-05-15 20:39:00'),
(117, 34, 2, 4, 1, 40, 'processed', NULL, '2025-05-16 20:42:00'),
(118, 35, 3, 5, 2, 100, 'processed', NULL, '2025-05-17 20:45:00'),
(119, 36, 4, 1, 3, 45, 'processed', NULL, '2025-05-19 20:48:00'),
(120, 37, 5, 2, 1, 20, 'processed', NULL, '2025-05-20 20:51:00'),
(121, 38, 6, 3, 2, 60, 'processed', NULL, '2025-05-21 20:54:00'),
(122, 39, 7, 4, 3, 120, 'processed', NULL, '2025-05-22 20:57:00'),
(123, 40, 8, 5, 1, 50, 'processed', NULL, '2025-05-23 20:00:00'),
(124, 1, 1, 1, 2, 30, 'processed', NULL, '2025-05-25 20:03:00'),
(125, 2, 2, 2, 3, 60, 'processed', NULL, '2025-05-26 20:06:00'),
(126, 3, 3, 3, 1, 30, 'processed', NULL, '2025-05-27 20:09:00'),
(127, 4, 4, 4, 2, 80, 'processed', NULL, '2025-05-28 20:12:00'),
(128, 4, 4, 4, 2, 0, 'duplicate', 127, '2025-05-28 20:12:00'),
(129, 5, 5, 5, 3, 150, 'processed', NULL, '2025-05-29 20:15:00'),
(130, 6, 6, 1, 1, 0, 'charge_failed', NULL, '2025-05-31 20:18:00'),
(131, 7, 7, 2, 2, 40, 'processed', NULL, '2025-06-01 20:21:00'),
(132, 8, 8, 3, 3, 90, 'processed', NULL, '2025-06-02 20:24:00'),
(133, 9, 1, 4, 1, 40, 'processed', NULL, '2025-06-03 20:27:00'),
(134, 10, 2, 5, 2, 100, 'processed', NULL, '2025-06-04 20:30:00'),
(135, 11, 3, 1, 3, 45, 'processed', NULL, '2025-06-06 20:33:00'),
(136, 12, 4, 2, 1, 20, 'processed', NULL, '2025-06-07 20:36:00'),
(137, 13, 5, 3, 2, 60, 'reversed', NULL, '2025-06-08 20:39:00'),
(138, 14, 6, 4, 3, 120, 'processed', NULL, '2025-06-09 20:42:00'),
(139, 15, 7, 5, 1, 50, 'processed', NULL, '2025-06-10 20:45:00'),
(140, 16, 8, 1, 2, 30, 'processed', NULL, '2025-06-12 20:48:00'),
(141, 17, 1, 2, 3, 60, 'processed', NULL, '2025-06-13 20:51:00'),
(142, 18, 2, 3, 1, 30, 'processed', NULL, '2025-06-14 20:54:00'),
(143, 19, 3, 4, 2, 80, 'processed', NULL, '2025-06-15 20:57:00'),
(144, 20, 4, 5, 3, 150, 'processed', NULL, '2025-06-16 20:00:00'),
(145, 21, 5, 1, 1, 15, 'processed', NULL, '2025-06-18 20:03:00'),
(146, 22, 6, 2, 2, 40, 'processed', NULL, '2025-06-19 20:06:00'),
(147, 23, 7, 3, 3, 90, 'processed', NULL, '2025-06-20 20:09:00'),
(148, 24, 8, 4, 1, 40, 'processed', NULL, '2025-06-21 20:12:00'),
(149, 25, 1, 5, 2, 100, 'processed', NULL, '2025-06-22 20:15:00'),
(150, 26, 2, 1, 3, 0, 'charge_failed', NULL, '2025-06-24 20:18:00'),
(151, 27, 3, 2, 1, 20, 'processed', NULL, '2025-06-25 20:21:00'),
(152, 28, 4, 3, 2, 60, 'processed', NULL, '2025-06-26 20:24:00'),
(153, 29, 5, 4, 3, 120, 'processed', NULL, '2025-06-27 20:27:00'),
(154, 30, 6, 5, 1, 50, 'processed', NULL, '2025-06-28 20:30:00');
INSERT INTO wl_revenue_splits (id, gift_event_id, creator_id, rule_version_id, creator_stars, agency_stars, platform_stars, occurred_at) VALUES
(1, 1, 1, 1, 10, 2, 8, '2025-01-01 20:03:00'),
(2, 2, 2, 1, 30, 6, 24, '2025-01-02 20:06:00'),
(3, 3, 3, 1, 15, 0, 15, '2025-01-03 20:09:00'),
(4, 4, 4, 1, 40, 8, 32, '2025-01-04 20:12:00'),
(5, 5, 5, 1, 75, 15, 60, '2025-01-05 20:15:00'),
(6, 7, 7, 1, 20, 4, 16, '2025-01-08 20:21:00'),
(7, 8, 8, 1, 45, 9, 36, '2025-01-09 20:24:00'),
(8, 9, 1, 1, 20, 4, 16, '2025-01-10 20:27:00'),
(9, 10, 2, 1, 50, 10, 40, '2025-01-11 20:30:00'),
(10, 11, 3, 1, 15, 0, 15, '2025-01-13 20:33:00'),
(11, 12, 4, 1, 10, 2, 8, '2025-01-14 20:36:00'),
(12, 14, 6, 1, 60, 0, 60, '2025-01-16 20:42:00'),
(13, 15, 7, 1, 25, 5, 20, '2025-01-17 20:45:00'),
(14, 16, 8, 1, 10, 2, 8, '2025-01-19 20:48:00'),
(15, 17, 1, 1, 30, 6, 24, '2025-01-20 20:51:00'),
(16, 18, 2, 1, 15, 3, 12, '2025-01-21 20:54:00'),
(17, 19, 3, 1, 40, 0, 40, '2025-01-22 20:57:00'),
(18, 20, 4, 1, 75, 15, 60, '2025-01-23 20:00:00'),
(19, 21, 5, 1, 5, 1, 4, '2025-01-25 20:03:00'),
(20, 22, 6, 1, 20, 0, 20, '2025-01-26 20:06:00'),
(21, 23, 7, 1, 45, 9, 36, '2025-01-27 20:09:00'),
(22, 24, 8, 1, 20, 4, 16, '2025-01-28 20:12:00'),
(23, 25, 1, 1, 50, 10, 40, '2025-01-29 20:15:00'),
(24, 27, 3, 1, 10, 0, 10, '2025-02-01 20:21:00'),
(25, 28, 4, 1, 30, 6, 24, '2025-02-02 20:24:00'),
(26, 29, 5, 1, 60, 12, 48, '2025-02-03 20:27:00'),
(27, 30, 6, 1, 25, 0, 25, '2025-02-04 20:30:00'),
(28, 31, 7, 1, 10, 2, 8, '2025-02-06 20:33:00'),
(29, 33, 8, 1, 30, 6, 24, '2025-02-07 20:36:00'),
(30, 35, 2, 1, 40, 8, 32, '2025-02-09 20:42:00'),
(31, 36, 3, 1, 75, 0, 75, '2025-02-10 20:45:00'),
(32, 37, 4, 1, 5, 1, 4, '2025-02-12 20:48:00'),
(33, 38, 5, 1, 20, 4, 16, '2025-02-13 20:51:00'),
(34, 39, 6, 1, 45, 0, 45, '2025-02-14 20:54:00'),
(35, 40, 7, 1, 20, 4, 16, '2025-02-15 20:57:00'),
(36, 41, 8, 1, 50, 10, 40, '2025-02-16 20:00:00'),
(37, 42, 1, 1, 15, 3, 12, '2025-02-18 20:03:00'),
(38, 43, 2, 1, 10, 2, 8, '2025-02-19 20:06:00'),
(39, 44, 3, 1, 30, 0, 30, '2025-02-20 20:09:00'),
(40, 45, 4, 1, 60, 12, 48, '2025-02-21 20:12:00'),
(41, 46, 5, 1, 25, 5, 20, '2025-02-22 20:15:00'),
(42, 48, 7, 1, 30, 6, 24, '2025-02-25 20:21:00'),
(43, 49, 8, 1, 15, 3, 12, '2025-02-26 20:24:00'),
(44, 50, 1, 1, 40, 8, 32, '2025-02-27 20:27:00'),
(45, 51, 2, 1, 75, 15, 60, '2025-02-28 20:30:00'),
(46, 52, 3, 1, 5, 0, 5, '2025-03-02 20:33:00'),
(47, 53, 4, 1, 20, 4, 16, '2025-03-03 20:36:00'),
(48, 55, 6, 1, 20, 0, 20, '2025-03-05 20:42:00'),
(49, 56, 7, 1, 50, 10, 40, '2025-03-06 20:45:00'),
(50, 57, 8, 1, 15, 3, 12, '2025-03-08 20:48:00'),
(51, 58, 1, 1, 10, 2, 8, '2025-03-09 20:51:00'),
(52, 59, 2, 1, 30, 6, 24, '2025-03-10 20:54:00'),
(53, 60, 3, 1, 60, 0, 60, '2025-03-11 20:57:00'),
(54, 61, 4, 1, 25, 5, 20, '2025-03-12 20:00:00'),
(55, 62, 5, 1, 10, 2, 8, '2025-03-14 20:03:00'),
(56, 63, 6, 1, 30, 0, 30, '2025-03-15 20:06:00'),
(57, 65, 7, 1, 15, 3, 12, '2025-03-16 20:09:00'),
(58, 66, 8, 1, 40, 8, 32, '2025-03-17 20:12:00'),
(59, 67, 1, 1, 75, 15, 60, '2025-03-18 20:15:00'),
(60, 69, 3, 1, 20, 0, 20, '2025-03-21 20:21:00'),
(61, 70, 4, 1, 45, 9, 36, '2025-03-22 20:24:00'),
(62, 71, 5, 1, 20, 4, 16, '2025-03-23 20:27:00'),
(63, 72, 6, 1, 50, 0, 50, '2025-03-24 20:30:00'),
(64, 73, 7, 1, 15, 3, 12, '2025-03-26 20:33:00'),
(65, 74, 8, 1, 10, 2, 8, '2025-03-27 20:36:00'),
(66, 76, 2, 1, 60, 12, 48, '2025-03-29 20:42:00'),
(67, 77, 3, 1, 25, 0, 25, '2025-03-30 20:45:00'),
(68, 78, 4, 2, 16, 3, 11, '2025-04-01 20:48:00'),
(69, 79, 5, 2, 33, 6, 21, '2025-04-02 20:51:00'),
(70, 80, 6, 2, 16, 0, 14, '2025-04-03 20:54:00'),
(71, 81, 7, 2, 44, 8, 28, '2025-04-04 20:57:00'),
(72, 82, 8, 2, 82, 15, 53, '2025-04-05 20:00:00'),
(73, 83, 1, 2, 8, 1, 6, '2025-04-07 20:03:00'),
(74, 84, 2, 2, 22, 4, 14, '2025-04-08 20:06:00'),
(75, 85, 3, 2, 49, 0, 41, '2025-04-09 20:09:00'),
(76, 86, 4, 2, 22, 4, 14, '2025-04-10 20:12:00'),
(77, 87, 5, 2, 55, 10, 35, '2025-04-11 20:15:00'),
(78, 89, 7, 2, 11, 2, 7, '2025-04-14 20:21:00'),
(79, 90, 8, 2, 33, 6, 21, '2025-04-15 20:24:00'),
(80, 91, 1, 2, 66, 12, 42, '2025-04-16 20:27:00'),
(81, 92, 2, 2, 27, 5, 18, '2025-04-17 20:30:00'),
(82, 93, 3, 2, 16, 0, 14, '2025-04-19 20:33:00'),
(83, 94, 4, 2, 33, 6, 21, '2025-04-20 20:36:00'),
(84, 97, 6, 2, 44, 0, 36, '2025-04-22 20:42:00'),
(85, 98, 7, 2, 82, 15, 53, '2025-04-23 20:45:00'),
(86, 99, 8, 2, 8, 1, 6, '2025-04-25 20:48:00'),
(87, 100, 1, 2, 22, 4, 14, '2025-04-26 20:51:00'),
(88, 101, 2, 2, 49, 9, 32, '2025-04-27 20:54:00'),
(89, 102, 3, 2, 22, 0, 18, '2025-04-28 20:57:00'),
(90, 103, 4, 2, 55, 10, 35, '2025-04-29 20:00:00'),
(91, 104, 5, 2, 24, 4, 17, '2025-05-01 20:03:00'),
(92, 105, 6, 2, 11, 0, 9, '2025-05-02 20:06:00'),
(93, 106, 7, 2, 33, 6, 21, '2025-05-03 20:09:00'),
(94, 107, 8, 2, 66, 12, 42, '2025-05-04 20:12:00'),
(95, 108, 1, 2, 27, 5, 18, '2025-05-05 20:15:00'),
(96, 110, 3, 2, 33, 0, 27, '2025-05-08 20:21:00'),
(97, 111, 4, 2, 16, 3, 11, '2025-05-09 20:24:00'),
(98, 112, 5, 2, 44, 8, 28, '2025-05-10 20:27:00'),
(99, 113, 6, 2, 82, 0, 68, '2025-05-11 20:30:00'),
(100, 114, 7, 2, 8, 1, 6, '2025-05-13 20:33:00');
INSERT INTO wl_revenue_splits (id, gift_event_id, creator_id, rule_version_id, creator_stars, agency_stars, platform_stars, occurred_at) VALUES
(101, 115, 8, 2, 22, 4, 14, '2025-05-14 20:36:00'),
(102, 117, 2, 2, 22, 4, 14, '2025-05-16 20:42:00'),
(103, 118, 3, 2, 55, 0, 45, '2025-05-17 20:45:00'),
(104, 119, 4, 2, 24, 4, 17, '2025-05-19 20:48:00'),
(105, 120, 5, 2, 11, 2, 7, '2025-05-20 20:51:00'),
(106, 121, 6, 2, 33, 0, 27, '2025-05-21 20:54:00'),
(107, 122, 7, 2, 66, 12, 42, '2025-05-22 20:57:00'),
(108, 123, 8, 2, 27, 5, 18, '2025-05-23 20:00:00'),
(109, 124, 1, 2, 16, 3, 11, '2025-05-25 20:03:00'),
(110, 125, 2, 2, 33, 6, 21, '2025-05-26 20:06:00'),
(111, 126, 3, 2, 16, 0, 14, '2025-05-27 20:09:00'),
(112, 127, 4, 2, 44, 8, 28, '2025-05-28 20:12:00'),
(113, 129, 5, 2, 82, 15, 53, '2025-05-29 20:15:00'),
(114, 131, 7, 2, 22, 4, 14, '2025-06-01 20:21:00'),
(115, 132, 8, 2, 49, 9, 32, '2025-06-02 20:24:00'),
(116, 133, 1, 2, 22, 4, 14, '2025-06-03 20:27:00'),
(117, 134, 2, 2, 55, 10, 35, '2025-06-04 20:30:00'),
(118, 135, 3, 2, 24, 0, 21, '2025-06-06 20:33:00'),
(119, 136, 4, 2, 11, 2, 7, '2025-06-07 20:36:00'),
(120, 138, 6, 2, 66, 0, 54, '2025-06-09 20:42:00'),
(121, 139, 7, 2, 27, 5, 18, '2025-06-10 20:45:00'),
(122, 140, 8, 2, 16, 3, 11, '2025-06-12 20:48:00'),
(123, 141, 1, 2, 33, 6, 21, '2025-06-13 20:51:00'),
(124, 142, 2, 2, 16, 3, 11, '2025-06-14 20:54:00'),
(125, 143, 3, 2, 44, 0, 36, '2025-06-15 20:57:00'),
(126, 144, 4, 2, 82, 15, 53, '2025-06-16 20:00:00'),
(127, 145, 5, 2, 8, 1, 6, '2025-06-18 20:03:00'),
(128, 146, 6, 2, 22, 0, 18, '2025-06-19 20:06:00'),
(129, 147, 7, 2, 49, 9, 32, '2025-06-20 20:09:00'),
(130, 148, 8, 2, 22, 4, 14, '2025-06-21 20:12:00'),
(131, 149, 1, 2, 55, 10, 35, '2025-06-22 20:15:00'),
(132, 151, 3, 2, 11, 0, 9, '2025-06-25 20:21:00'),
(133, 152, 4, 2, 33, 6, 21, '2025-06-26 20:24:00'),
(134, 153, 5, 2, 66, 12, 42, '2025-06-27 20:27:00'),
(135, 154, 6, 2, 27, 0, 23, '2025-06-28 20:30:00');
INSERT INTO wl_creator_settlements (id, creator_id, period_start, period_end, settled_stars, status, settled_at) VALUES
(1, 1, '2025-01-01', '2025-06-01', 389, 'paid', '2025-06-03 11:00:00'),
(2, 2, '2025-01-01', '2025-06-01', 463, 'paid', '2025-06-03 11:00:00'),
(3, 3, '2025-01-01', '2025-06-01', 486, 'paid', '2025-06-03 11:00:00'),
(4, 4, '2025-01-01', '2025-06-01', 520, 'paid', '2025-06-03 11:00:00'),
(5, 5, '2025-01-01', '2025-06-01', 464, 'paid', '2025-06-03 11:00:00'),
(6, 6, '2025-01-01', '2025-06-01', 436, 'paid', '2025-06-03 11:00:00'),
(7, 7, '2025-01-01', '2025-06-01', 474, 'paid', '2025-06-03 11:00:00'),
(8, 8, '2025-01-01', '2025-06-01', 473, 'paid', '2025-06-03 11:00:00');
